product_id,source_platform,collection_date,price_cny,sales_lower_bound,sales_is_censored,sales_observed,official_store_claimed,museum_name,museum_ip_flag,product_category,product_format,price_tier,title_length_chars,keyword_excavation,keyword_gift,keyword_collectible,cluster_id,interpreted_cluster_label
product_1864e8e70403,Hooos public Taobao/Tmall listing index,2026-08-29,58.0,29.0,False,True,True,Sanxingdui,True,Figurine / Display,Plush / Bag Charm,Mass Market (51-100 CNY),30,False,True,False,2,Broad museum collectible assortment
product_d3ec48e34c89,Hooos public Taobao/Tmall listing index,2026-08-29,78.0,48.0,False,True,True,Sanxingdui,True,Figurine / Display,Magnet,Mass Market (51-100 CNY),30,False,True,False,2,Broad museum collectible assortment
product_adc80f0885c0,Hooos public Taobao/Tmall listing index,2026-08-29,44.5,,False,False,True,Palace Museum,True,Figurine / Display,Figurine,Budget (<=50 CNY),29,False,True,True,2,Broad museum collectible assortment
product_6deabd63cdd8,Hooos public Taobao/Tmall listing index,2026-08-29,68.0,,False,False,True,Sanxingdui,True,Excavation Kit,Excavation / DIY Kit,Mass Market (51-100 CNY),29,True,True,False,1,Official museum excavation kits
product_3919a73b5cfe,Hooos public Taobao/Tmall listing index,2026-08-29,78.0,,False,False,True,Sanxingdui,True,Excavation Kit,Excavation / DIY Kit,Mass Market (51-100 CNY),30,True,True,False,1,Official museum excavation kits
product_346f32cc0e4f,Hooos public Taobao/Tmall listing index,2026-08-29,68.0,,False,False,True,Sanxingdui,True,Excavation Kit,Excavation / DIY Kit,Mass Market (51-100 CNY),30,True,True,False,1,Official museum excavation kits
product_4e87a8f7afc6,Hooos public Taobao/Tmall listing index,2026-08-29,68.9,,False,False,True,Gansu Museum,True,Excavation Kit,Excavation / DIY Kit,Mass Market (51-100 CNY),30,True,True,True,1,Official museum excavation kits
product_e66d844aa453,Hooos public Taobao/Tmall listing index,2026-08-29,13.5,,False,False,True,Sanxingdui,True,Figurine / Display,Figurine,Budget (<=50 CNY),30,False,True,True,2,Broad museum collectible assortment
product_d695849cfeb8,Hooos public Taobao/Tmall listing index,2026-08-29,13.8,,False,False,True,Other / Unclear,False,Figurine / Display,Figurine,Budget (<=50 CNY),30,False,True,True,2,Broad museum collectible assortment
product_62baa458ecea,Hooos public Taobao/Tmall listing index,2026-08-29,69.0,,False,False,True,Qingdao Beer Museum,True,Figurine / Display,Figurine,Mass Market (51-100 CNY),34,False,True,True,4,Premium museum figurines
product_df9956f7790a,Hooos public Taobao/Tmall listing index,2026-08-29,69.0,,False,False,True,Gansu Museum,True,Excavation Kit,Figurine,Mass Market (51-100 CNY),30,False,True,True,2,Broad museum collectible assortment
product_4631544b1ff3,Hooos public Taobao/Tmall listing index,2026-08-29,44.5,,False,False,True,Palace Museum,True,Figurine / Display,Figurine,Budget (<=50 CNY),29,False,True,True,2,Broad museum collectible assortment
product_c409400960cc,Hooos public Taobao/Tmall listing index,2026-08-29,69.0,,False,False,True,Qingdao Beer Museum,True,Figurine / Display,Other Blind-box Format,Mass Market (51-100 CNY),32,False,False,False,4,Premium museum figurines
product_21bb98348ce8,Hooos public Taobao/Tmall listing index,2026-08-29,69.0,,False,False,True,Qingdao Beer Museum,True,Figurine / Display,Figurine,Mass Market (51-100 CNY),34,False,True,True,4,Premium museum figurines
product_5abb69dad01a,Hooos public Taobao/Tmall listing index,2026-08-29,112.0,,False,False,True,Gansu Museum,True,Excavation Kit,Excavation / DIY Kit,Premium (101-200 CNY),31,True,False,False,1,Official museum excavation kits
product_b8ea103e26df,Hooos public Taobao/Tmall listing index,2026-08-29,65.55,,False,False,True,Suzhou Museum,True,Figurine / Display,Gift Bag / Assortment,Mass Market (51-100 CNY),30,False,True,False,2,Broad museum collectible assortment
product_559e8db57904,Hooos public Taobao/Tmall listing index,2026-08-29,69.5,,False,False,True,Palace Museum,True,Figurine / Display,Figurine,Mass Market (51-100 CNY),30,False,True,True,2,Broad museum collectible assortment
product_e7ce296394f3,Hooos public Taobao/Tmall listing index,2026-08-29,47.9,,False,False,True,Shandong Museum,True,Figurine / Display,Gift Bag / Assortment,Budget (<=50 CNY),30,False,True,False,2,Broad museum collectible assortment
product_3e855e4fea9a,Hooos public Taobao/Tmall listing index,2026-08-29,59.8,,False,False,False,Suzhou Museum,True,Excavation Kit,Excavation / DIY Kit,Mass Market (51-100 CNY),30,True,True,False,1,Official museum excavation kits
product_20e3284cc86a,Hooos public Taobao/Tmall listing index,2026-08-29,69.5,,False,False,True,Palace Museum,True,Figurine / Display,Figurine,Mass Market (51-100 CNY),30,False,True,True,2,Broad museum collectible assortment
product_687197862b9f,Hooos public Taobao/Tmall listing index,2026-08-29,13.8,38.0,False,True,True,Henan Museum,True,Figurine / Display,Figurine,Budget (<=50 CNY),30,False,True,True,2,Broad museum collectible assortment
product_096bbcfcc3db,Hooos public Taobao/Tmall listing index,2026-08-29,68.0,,False,False,True,Sanxingdui,True,Excavation Kit,Excavation / DIY Kit,Mass Market (51-100 CNY),30,True,True,False,1,Official museum excavation kits
product_453f5a1d3026,Hooos public Taobao/Tmall listing index,2026-08-29,59.0,78.0,False,True,True,Sanxingdui,True,Figurine / Display,Plush / Bag Charm,Mass Market (51-100 CNY),30,False,True,False,2,Broad museum collectible assortment
product_9bfcc35bca1d,Hooos public Taobao/Tmall listing index,2026-08-29,36.9,63.0,False,True,True,National Museum of China,True,Figurine / Display,Plush / Bag Charm,Budget (<=50 CNY),30,False,True,False,2,Broad museum collectible assortment
product_9fa7cfafbc8f,Hooos public Taobao/Tmall listing index,2026-08-29,57.7,16.0,False,True,True,Shandong Museum,True,Excavation Kit,Excavation / DIY Kit,Mass Market (51-100 CNY),29,True,True,False,1,Official museum excavation kits
product_a97a141946b6,Hooos public Taobao/Tmall listing index,2026-08-29,79.0,,False,False,True,Sanxingdui,True,Figurine / Display,Figurine,Mass Market (51-100 CNY),30,False,True,True,2,Broad museum collectible assortment
product_bafdcc643a90,Hooos public Taobao/Tmall listing index,2026-08-29,24.6,61.0,False,True,False,Other / Unclear,False,Figurine / Display,Figurine,Budget (<=50 CNY),30,False,True,True,2,Broad museum collectible assortment
product_b6980ae706bc,Hooos public Taobao/Tmall listing index,2026-08-29,88.0,,False,False,True,Sanxingdui,True,Excavation Kit,Excavation / DIY Kit,Mass Market (51-100 CNY),30,True,True,False,1,Official museum excavation kits
product_6241d73cd928,Hooos public Taobao/Tmall listing index,2026-08-29,79.0,,False,False,True,Sanxingdui,True,Excavation Kit,Excavation / DIY Kit,Mass Market (51-100 CNY),30,True,True,True,1,Official museum excavation kits
product_46b4f9fbf384,Hooos public Taobao/Tmall listing index,2026-08-29,87.1,,False,False,True,Van Gogh Museum,True,Figurine / Display,Plush / Bag Charm,Mass Market (51-100 CNY),31,False,True,False,2,Broad museum collectible assortment
product_1d8eb313373b,Hooos public Taobao/Tmall listing index,2026-08-29,60.7,,False,False,True,Chengdu Museum,True,Figurine / Display,Figurine,Mass Market (51-100 CNY),30,False,True,True,2,Broad museum collectible assortment
product_4fb25566d836,Hooos public Taobao/Tmall listing index,2026-08-29,79.0,63.0,False,True,True,Shandong Museum,True,Figurine / Display,Figurine,Mass Market (51-100 CNY),28,False,True,True,2,Broad museum collectible assortment
product_424238031a28,Hooos public Taobao/Tmall listing index,2026-08-29,79.0,34.0,False,True,True,Sanxingdui,True,Figurine / Display,Figurine,Mass Market (51-100 CNY),30,False,True,True,2,Broad museum collectible assortment
product_1133d03464e3,Hooos public Taobao/Tmall listing index,2026-08-29,472.0,,False,False,True,Shaanxi History Museum,True,Figurine / Display,Figurine,High-end (>200 CNY),33,False,True,True,4,Premium museum figurines
product_554e2e4074bb,Hooos public Taobao/Tmall listing index,2026-08-29,108.0,,False,False,True,Sanxingdui,True,Excavation Kit,Excavation / DIY Kit,Premium (101-200 CNY),30,True,True,False,1,Official museum excavation kits
product_22a17bee8c5e,Hooos public Taobao/Tmall listing index,2026-08-29,69.0,,False,False,True,Shaanxi History Museum,True,Figurine / Display,Figurine,Mass Market (51-100 CNY),33,False,False,True,4,Premium museum figurines
product_8638f3cc2dfb,Hooos public Taobao/Tmall listing index,2026-08-29,47.9,,False,False,True,Shandong Museum,True,Excavation Kit,Excavation / DIY Kit,Budget (<=50 CNY),30,True,True,True,1,Official museum excavation kits
product_54267ff69602,Hooos public Taobao/Tmall listing index,2026-08-29,43.1,84.0,False,True,True,Qingdao Beer Museum,True,Figurine / Display,Other Blind-box Format,Budget (<=50 CNY),30,False,True,False,2,Broad museum collectible assortment
product_75134915696e,Hooos public Taobao/Tmall listing index,2026-08-29,69.0,,False,False,True,Sanxingdui,True,Excavation Kit,Excavation / DIY Kit,Mass Market (51-100 CNY),30,True,True,True,1,Official museum excavation kits
product_8985c483e43c,Hooos public Taobao/Tmall listing index,2026-08-29,59.0,51.0,False,True,True,Sanxingdui,True,Figurine / Display,Figurine,Mass Market (51-100 CNY),30,False,True,True,2,Broad museum collectible assortment
product_b89e968e4356,Hooos public Taobao/Tmall listing index,2026-08-29,68.0,17.0,False,True,True,Sanxingdui,True,Excavation Kit,Excavation / DIY Kit,Mass Market (51-100 CNY),30,True,True,True,1,Official museum excavation kits
product_e285470ca05a,Hooos public Taobao/Tmall listing index,2026-08-29,49.0,19.0,False,True,True,Sanxingdui,True,Figurine / Display,Figurine,Budget (<=50 CNY),30,False,False,True,2,Broad museum collectible assortment
product_1a691b92e47e,Hooos public Taobao/Tmall listing index,2026-08-29,51.0,68.0,False,True,False,Other / Unclear,False,Figurine / Display,Figurine,Mass Market (51-100 CNY),30,False,True,True,2,Broad museum collectible assortment
product_125d6ce24d21,Hooos public Taobao/Tmall listing index,2026-08-29,15.8,33.0,False,True,False,Henan Museum,True,Figurine / Display,Magnet,Budget (<=50 CNY),32,False,True,False,3,Budget marketplace excavation kits
product_4e7c29b2f582,Hooos public Taobao/Tmall listing index,2026-08-29,47.2,97.0,False,True,True,Other / Unclear,False,Figurine / Display,Figurine,Budget (<=50 CNY),30,False,True,True,2,Broad museum collectible assortment
product_4106eb22a85c,Hooos public Taobao/Tmall listing index,2026-08-29,66.7,35.0,False,True,True,Shandong Museum,True,Excavation Kit,Excavation / DIY Kit,Mass Market (51-100 CNY),30,True,True,False,1,Official museum excavation kits
product_419e076b2bf9,Hooos public Taobao/Tmall listing index,2026-08-29,79.0,16.0,False,True,True,Sanxingdui,True,Figurine / Display,Figurine,Mass Market (51-100 CNY),30,False,True,True,2,Broad museum collectible assortment
product_5b6eea5689f9,Hooos public Taobao/Tmall listing index,2026-08-29,86.0,,False,False,True,Sanxingdui,True,Excavation Kit,Excavation / DIY Kit,Mass Market (51-100 CNY),30,True,True,True,1,Official museum excavation kits
product_58e4b4af1629,Hooos public Taobao/Tmall listing index,2026-08-29,354.0,,False,False,True,Shaanxi History Museum,True,Figurine / Display,Figurine,High-end (>200 CNY),33,False,True,True,4,Premium museum figurines
product_79ea4bd77acb,Hooos public Taobao/Tmall listing index,2026-08-29,65.55,,False,False,True,Suzhou Museum,True,Figurine / Display,Figurine,Mass Market (51-100 CNY),30,False,True,True,2,Broad museum collectible assortment
product_9aa5bad6c666,Hooos public Taobao/Tmall listing index,2026-08-29,17.8,21.0,False,True,True,Sanxingdui,True,Figurine / Display,Figurine,Budget (<=50 CNY),30,False,True,True,2,Broad museum collectible assortment
product_6c7f5a9999b1,Hooos public Taobao/Tmall listing index,2026-08-29,51.0,28.0,False,True,True,Other / Unclear,False,Figurine / Display,Figurine,Mass Market (51-100 CNY),29,False,False,True,2,Broad museum collectible assortment
product_2d90fd25cc30,Hooos public Taobao/Tmall listing index,2026-08-29,60.2,60.0,False,True,False,Sanxingdui,True,Excavation Kit,Excavation / DIY Kit,Mass Market (51-100 CNY),30,True,True,False,3,Budget marketplace excavation kits
product_76739908a135,Hooos public Taobao/Tmall listing index,2026-08-29,368.0,,False,False,True,Sanxingdui,True,Excavation Kit,Excavation / DIY Kit,High-end (>200 CNY),30,True,True,False,1,Official museum excavation kits
product_529f0bb96554,Hooos public Taobao/Tmall listing index,2026-08-29,68.0,28.0,False,True,True,Sanxingdui,True,Figurine / Display,Figurine,Mass Market (51-100 CNY),32,False,False,True,4,Premium museum figurines
product_b91d71142883,Hooos public Taobao/Tmall listing index,2026-08-29,60.7,41.0,False,True,True,Dunhuang,True,Figurine / Display,Figurine,Mass Market (51-100 CNY),29,False,True,True,2,Broad museum collectible assortment
product_e12f71c13094,Hooos public Taobao/Tmall listing index,2026-08-29,67.5,17.0,False,True,True,Shandong Museum,True,Excavation Kit,Excavation / DIY Kit,Mass Market (51-100 CNY),29,True,True,False,1,Official museum excavation kits
product_0c131654224f,Hooos public Taobao/Tmall listing index,2026-08-29,139.0,,False,False,True,Sanxingdui,True,Excavation Kit,Excavation / DIY Kit,Premium (101-200 CNY),31,True,True,True,1,Official museum excavation kits
product_5b47e5220146,Hooos public Taobao/Tmall listing index,2026-08-29,21.4,5.0,False,True,True,Dunhuang,True,Figurine / Display,Figurine,Budget (<=50 CNY),30,False,True,True,5,Sales-visible character collectibles
product_f0ebd97726ed,Hooos public Taobao/Tmall listing index,2026-08-29,89.0,68.0,False,True,True,Liaoning Museum,True,Excavation Kit,Excavation / DIY Kit,Mass Market (51-100 CNY),30,True,True,False,1,Official museum excavation kits
product_06c93bf296df,Hooos public Taobao/Tmall listing index,2026-08-29,34.3,52.0,False,True,True,Dunhuang,True,Figurine / Display,Figurine,Budget (<=50 CNY),29,False,True,True,2,Broad museum collectible assortment
product_da657db8ea96,Hooos public Taobao/Tmall listing index,2026-08-29,69.5,,False,False,True,Palace Museum,True,Figurine / Display,Figurine,Mass Market (51-100 CNY),28,False,True,True,2,Broad museum collectible assortment
product_479cb001101d,Hooos public Taobao/Tmall listing index,2026-08-29,516.0,97.0,False,True,True,Sanxingdui,True,Excavation Kit,Excavation / DIY Kit,High-end (>200 CNY),30,True,True,True,1,Official museum excavation kits
product_bc45181633c1,Hooos public Taobao/Tmall listing index,2026-08-29,25.9,44.0,False,True,False,Sanxingdui,True,Excavation Kit,Excavation / DIY Kit,Budget (<=50 CNY),30,True,False,True,3,Budget marketplace excavation kits
product_e27fd764b7dc,Hooos public Taobao/Tmall listing index,2026-08-29,78.0,55.0,False,True,True,Sanxingdui,True,Figurine / Display,Figurine,Mass Market (51-100 CNY),30,False,True,True,2,Broad museum collectible assortment
product_8b04514a0634,Hooos public Taobao/Tmall listing index,2026-08-29,253.0,,False,False,True,Palace Museum,True,Figurine / Display,Other Blind-box Format,High-end (>200 CNY),30,False,True,False,1,Official museum excavation kits
product_cd2b9af4cc99,Hooos public Taobao/Tmall listing index,2026-08-29,68.0,,False,False,True,Sanxingdui,True,Excavation Kit,Excavation / DIY Kit,Mass Market (51-100 CNY),30,True,False,False,1,Official museum excavation kits
product_0a708ff7a107,Hooos public Taobao/Tmall listing index,2026-08-29,516.0,,False,False,True,Sanxingdui,True,Excavation Kit,Excavation / DIY Kit,High-end (>200 CNY),30,True,True,True,1,Official museum excavation kits
product_83ae0f561017,Hooos public Taobao/Tmall listing index,2026-08-29,59.0,32.0,False,True,True,Shaanxi History Museum,True,Figurine / Display,Figurine,Mass Market (51-100 CNY),33,False,True,True,4,Premium museum figurines
product_bcca4eab0aad,Hooos public Taobao/Tmall listing index,2026-08-29,69.7,11.0,False,True,True,Henan Museum,True,Excavation Kit,Excavation / DIY Kit,Mass Market (51-100 CNY),29,True,True,False,1,Official museum excavation kits
product_ad873374d70f,Hooos public Taobao/Tmall listing index,2026-08-29,78.0,64.0,False,True,True,Sanxingdui,True,Figurine / Display,Other Blind-box Format,Mass Market (51-100 CNY),31,False,True,False,2,Broad museum collectible assortment
product_b0d067bcd851,Hooos public Taobao/Tmall listing index,2026-08-29,69.0,97.0,False,True,True,Sanxingdui,True,Figurine / Display,Figurine,Mass Market (51-100 CNY),29,False,True,True,2,Broad museum collectible assortment
product_bb67d646bc97,Hooos public Taobao/Tmall listing index,2026-08-29,59.0,,False,False,True,Sanxingdui,True,Figurine / Display,Figurine,Mass Market (51-100 CNY),29,False,True,True,2,Broad museum collectible assortment
product_6e1f54764243,Hooos public Taobao/Tmall listing index,2026-08-29,48.0,5.0,False,True,True,Sanxingdui,True,Figurine / Display,Figurine,Budget (<=50 CNY),30,False,True,True,5,Sales-visible character collectibles
product_07f222680104,Hooos public Taobao/Tmall listing index,2026-08-29,19.8,9.0,False,True,True,Henan Museum,True,Figurine / Display,Figurine,Budget (<=50 CNY),30,False,True,True,5,Sales-visible character collectibles
product_61efd691846c,Hooos public Taobao/Tmall listing index,2026-08-29,69.0,75.0,False,True,True,Shaanxi History Museum,True,Figurine / Display,Figurine,Mass Market (51-100 CNY),33,False,False,True,4,Premium museum figurines
product_2e84dde708cf,Hooos public Taobao/Tmall listing index,2026-08-29,49.5,7.0,False,True,True,Other / Unclear,False,Figurine / Display,Figurine,Budget (<=50 CNY),30,False,True,True,5,Sales-visible character collectibles
product_d72d8fc17a15,Hooos public Taobao/Tmall listing index,2026-08-29,16.6,7.0,False,True,False,Other / Unclear,False,Figurine / Display,Figurine,Budget (<=50 CNY),30,False,False,True,5,Sales-visible character collectibles
product_e40710e79a60,Hooos public Taobao/Tmall listing index,2026-08-29,16.8,20.0,False,True,True,Henan Museum,True,Figurine / Display,Other Blind-box Format,Budget (<=50 CNY),30,False,True,False,2,Broad museum collectible assortment
product_4617ea0af2a7,Hooos public Taobao/Tmall listing index,2026-08-29,12.0,4.0,False,True,True,Sanxingdui,True,Figurine / Display,Figurine,Budget (<=50 CNY),30,False,True,True,5,Sales-visible character collectibles
product_4aa55a6157f0,Hooos public Taobao/Tmall listing index,2026-08-29,38.2,,False,False,True,Dunhuang,True,Figurine / Display,Plush / Bag Charm,Budget (<=50 CNY),29,False,True,False,2,Broad museum collectible assortment
product_729d22f8fd9b,Hooos public Taobao/Tmall listing index,2026-08-29,58.0,12.0,False,True,False,Other / Unclear,False,Figurine / Display,Gift Bag / Assortment,Mass Market (51-100 CNY),28,False,True,False,5,Sales-visible character collectibles
product_db865d6ab040,Hooos public Taobao/Tmall listing index,2026-08-29,34.3,23.0,False,True,True,Dunhuang,True,Figurine / Display,Other Blind-box Format,Budget (<=50 CNY),29,False,True,False,2,Broad museum collectible assortment
product_faf3ab1131e2,Hooos public Taobao/Tmall listing index,2026-08-29,51.0,,False,False,True,Chengdu Museum,True,Figurine / Display,Figurine,Mass Market (51-100 CNY),30,False,True,True,2,Broad museum collectible assortment
product_fa106af68f8d,Hooos public Taobao/Tmall listing index,2026-08-29,38.2,35.0,False,True,True,Shandong Museum,True,Figurine / Display,Magnet,Budget (<=50 CNY),28,False,True,False,2,Broad museum collectible assortment
product_b30203580be7,Hooos public Taobao/Tmall listing index,2026-08-29,26.0,67.0,False,True,True,Terracotta Warriors,True,Excavation Kit,Excavation / DIY Kit,Budget (<=50 CNY),30,True,True,False,3,Budget marketplace excavation kits
product_fa62ac19f760,Hooos public Taobao/Tmall listing index,2026-08-29,361.0,7.0,False,True,False,Terracotta Warriors,True,Figurine / Display,Figurine,High-end (>200 CNY),29,False,True,True,5,Sales-visible character collectibles
product_41c8130c5de8,Hooos public Taobao/Tmall listing index,2026-08-29,25.0,12.0,False,True,True,Sanxingdui,True,Figurine / Display,Figurine,Budget (<=50 CNY),30,False,True,True,5,Sales-visible character collectibles
product_0a419d58cb6b,Hooos public Taobao/Tmall listing index,2026-08-29,35.0,19.0,False,True,True,Sanxingdui,True,Figurine / Display,Figurine,Budget (<=50 CNY),30,False,True,True,2,Broad museum collectible assortment
product_532ccf2ed050,Hooos public Taobao/Tmall listing index,2026-08-29,48.0,3.0,False,True,False,Shaanxi History Museum,True,Figurine / Display,Magnet,Budget (<=50 CNY),29,False,False,False,5,Sales-visible character collectibles
product_43d562f85cfc,Hooos public Taobao/Tmall listing index,2026-08-29,80.1,3.0,False,True,True,Dunhuang,True,Figurine / Display,Figurine,Mass Market (51-100 CNY),32,False,True,True,5,Sales-visible character collectibles
product_f7296ed16208,Hooos public Taobao/Tmall listing index,2026-08-29,78.0,60.0,False,True,True,Sanxingdui,True,Figurine / Display,Figurine,Mass Market (51-100 CNY),30,False,True,True,2,Broad museum collectible assortment
product_eb062dd25704,Hooos public Taobao/Tmall listing index,2026-08-29,35.0,6.0,False,True,True,Palace Museum,True,Figurine / Display,Figurine,Budget (<=50 CNY),30,False,True,True,5,Sales-visible character collectibles
product_e374209187ad,Hooos public Taobao/Tmall listing index,2026-08-29,103.0,11.0,False,True,True,Dunhuang,True,Figurine / Display,Other Blind-box Format,Premium (101-200 CNY),30,False,True,False,5,Sales-visible character collectibles
product_c009e5d6617e,Hooos public Taobao/Tmall listing index,2026-08-29,60.7,10.0,False,True,True,Other / Unclear,False,Figurine / Display,Figurine,Mass Market (51-100 CNY),30,False,True,True,5,Sales-visible character collectibles
product_f1042115346a,Hooos public Taobao/Tmall listing index,2026-08-29,51.9,8.0,False,True,True,Palace Museum,True,Figurine / Display,Magnet,Mass Market (51-100 CNY),33,False,True,False,4,Premium museum figurines
product_3170709989f1,Hooos public Taobao/Tmall listing index,2026-08-29,61.2,12.0,False,True,True,Other / Unclear,False,Figurine / Display,Gift Bag / Assortment,Mass Market (51-100 CNY),29,False,False,False,5,Sales-visible character collectibles
product_e8dd96f979ca,Hooos public Taobao/Tmall listing index,2026-08-29,221.0,2.0,False,True,True,Other / Unclear,False,Figurine / Display,Figurine,High-end (>200 CNY),30,False,True,True,5,Sales-visible character collectibles
product_5a875a872b60,Hooos public Taobao/Tmall listing index,2026-08-29,13.8,,False,False,False,Sanxingdui,True,Figurine / Display,Figurine,Budget (<=50 CNY),30,False,True,True,2,Broad museum collectible assortment
product_f716c3dc49e1,Hooos public Taobao/Tmall listing index,2026-08-29,14.3,,False,False,False,Other / Unclear,False,Figurine / Display,Figurine,Budget (<=50 CNY),30,False,True,True,2,Broad museum collectible assortment
product_fddada46d499,Hooos public Taobao/Tmall listing index,2026-08-29,69.0,1.0,False,True,True,Shaanxi History Museum,True,Figurine / Display,Figurine,Mass Market (51-100 CNY),33,False,False,True,5,Sales-visible character collectibles
product_ab51d5c7ad9b,Hooos public Taobao/Tmall listing index,2026-08-29,44.1,7.0,False,True,False,Other / Unclear,False,Figurine / Display,Figurine,Budget (<=50 CNY),30,False,True,True,5,Sales-visible character collectibles
product_bb0405efeb7c,Hooos public Taobao/Tmall listing index,2026-08-29,36.0,,False,False,False,Other / Unclear,False,Figurine / Display,Figurine,Budget (<=50 CNY),30,False,True,True,2,Broad museum collectible assortment
product_71134d5d4a24,Hooos public Taobao/Tmall listing index,2026-08-29,79.0,9.0,False,True,True,Shandong Museum,True,Figurine / Display,Other Blind-box Format,Mass Market (51-100 CNY),29,False,True,False,5,Sales-visible character collectibles
product_6557512bb347,Hooos public Taobao/Tmall listing index,2026-08-29,78.0,35.0,False,True,True,Sanxingdui,True,Excavation Kit,Excavation / DIY Kit,Mass Market (51-100 CNY),28,True,False,True,1,Official museum excavation kits
product_64545d62b773,Hooos public Taobao/Tmall listing index,2026-08-29,16.4,4.0,False,True,True,Henan Museum,True,Figurine / Display,Other Blind-box Format,Budget (<=50 CNY),30,False,True,False,5,Sales-visible character collectibles
product_08a105b47ff3,Hooos public Taobao/Tmall listing index,2026-08-29,35.0,6.0,False,True,True,Sanxingdui,True,Figurine / Display,Figurine,Budget (<=50 CNY),30,False,True,True,5,Sales-visible character collectibles
product_17677085d7db,Hooos public Taobao/Tmall listing index,2026-08-29,48.0,17.0,False,True,False,Other / Unclear,False,Figurine / Display,Figurine,Budget (<=50 CNY),32,False,False,True,4,Premium museum figurines
product_2316fe8d3cf5,Hooos public Taobao/Tmall listing index,2026-08-29,34.3,8.0,False,True,True,Suzhou Museum,True,Figurine / Display,Other Blind-box Format,Budget (<=50 CNY),32,False,True,False,5,Sales-visible character collectibles
product_e68870b8e83e,Hooos public Taobao/Tmall listing index,2026-08-29,69.5,19.0,False,True,True,Palace Museum,True,Figurine / Display,Other Blind-box Format,Mass Market (51-100 CNY),32,False,True,False,4,Premium museum figurines
product_973690ee2394,Hooos public Taobao/Tmall listing index,2026-08-29,46.0,,False,False,True,Sanxingdui,True,Figurine / Display,Figurine,Budget (<=50 CNY),30,False,True,True,2,Broad museum collectible assortment
product_3fd55385360f,Hooos public Taobao/Tmall listing index,2026-08-29,34.3,,False,False,False,Henan Museum,True,Excavation Kit,Excavation / DIY Kit,Budget (<=50 CNY),30,True,True,True,3,Budget marketplace excavation kits
product_7b56582e678a,Hooos public Taobao/Tmall listing index,2026-08-29,69.0,,False,False,True,Shaanxi History Museum,True,Figurine / Display,Figurine,Mass Market (51-100 CNY),33,False,False,True,4,Premium museum figurines
product_c396fc74963d,Hooos public Taobao/Tmall listing index,2026-08-29,69.0,,False,False,True,Shaanxi History Museum,True,Figurine / Display,Figurine,Mass Market (51-100 CNY),33,False,False,True,4,Premium museum figurines
product_a12adb397ef6,Hooos public Taobao/Tmall listing index,2026-08-29,69.0,,False,False,True,Shaanxi History Museum,True,Figurine / Display,Figurine,Mass Market (51-100 CNY),33,False,False,True,4,Premium museum figurines
product_77e699269485,Hooos public Taobao/Tmall listing index,2026-08-29,69.0,,False,False,True,Shaanxi History Museum,True,Figurine / Display,Figurine,Mass Market (51-100 CNY),33,False,False,True,4,Premium museum figurines
product_01ba8301fec2,Hooos public Taobao/Tmall listing index,2026-08-29,69.0,,False,False,True,Shaanxi History Museum,True,Figurine / Display,Figurine,Mass Market (51-100 CNY),33,False,False,True,4,Premium museum figurines
product_d130d2d0427e,Hooos public Taobao/Tmall listing index,2026-08-29,69.0,,False,False,True,Shaanxi History Museum,True,Figurine / Display,Figurine,Mass Market (51-100 CNY),33,False,False,True,4,Premium museum figurines
product_c0250d466fd6,Hooos public Taobao/Tmall listing index,2026-08-29,62.1,,False,False,True,Palace Museum,True,Figurine / Display,Figurine,Mass Market (51-100 CNY),30,False,True,True,2,Broad museum collectible assortment
product_5790b9467e35,Hooos public Taobao/Tmall listing index,2026-08-29,86.0,1.0,False,True,True,Sanxingdui,True,Figurine / Display,Figurine,Mass Market (51-100 CNY),26,False,True,True,5,Sales-visible character collectibles
product_accf01e404ae,Hooos public Taobao/Tmall listing index,2026-08-29,59.0,,False,False,True,Palace Museum,True,Figurine / Display,Figurine,Mass Market (51-100 CNY),30,False,True,True,2,Broad museum collectible assortment
product_96f7d1378c39,Hooos public Taobao/Tmall listing index,2026-08-29,25.4,,False,False,False,Sanxingdui,True,Excavation Kit,Excavation / DIY Kit,Budget (<=50 CNY),30,True,False,False,3,Budget marketplace excavation kits
product_3e7b34fb0830,Hooos public Taobao/Tmall listing index,2026-08-29,7.04,,False,False,False,Palace Museum,True,Excavation Kit,Excavation / DIY Kit,Budget (<=50 CNY),30,True,False,False,3,Budget marketplace excavation kits
product_4f82b1c3501e,Hooos public Taobao/Tmall listing index,2026-08-29,15.7,36.0,False,True,False,Henan Museum,True,Excavation Kit,Excavation / DIY Kit,Budget (<=50 CNY),30,True,True,False,3,Budget marketplace excavation kits
product_8041d60d68e1,Hooos public Taobao/Tmall listing index,2026-08-29,36.1,52.0,False,True,False,Other / Unclear,False,Excavation Kit,Excavation / DIY Kit,Budget (<=50 CNY),31,True,False,False,3,Budget marketplace excavation kits
product_266109678c1e,Hooos public Taobao/Tmall listing index,2026-08-29,34.3,,False,False,False,Henan Museum,True,Excavation Kit,Excavation / DIY Kit,Budget (<=50 CNY),29,True,False,False,3,Budget marketplace excavation kits
product_8b267a12dee9,Hooos public Taobao/Tmall listing index,2026-08-29,10.9,,False,False,False,Henan Museum,True,Excavation Kit,Excavation / DIY Kit,Budget (<=50 CNY),30,True,True,False,3,Budget marketplace excavation kits
product_c5e04eb68bd2,Hooos public Taobao/Tmall listing index,2026-08-29,69.0,,False,False,True,Sanxingdui,True,Figurine / Display,Figurine,Mass Market (51-100 CNY),30,False,True,True,2,Broad museum collectible assortment
product_97346595e056,Hooos public Taobao/Tmall listing index,2026-08-29,16.9,97.0,False,True,False,Sanxingdui,True,Excavation Kit,Excavation / DIY Kit,Budget (<=50 CNY),30,True,False,True,3,Budget marketplace excavation kits
product_d87d3fbc91b6,Hooos public Taobao/Tmall listing index,2026-08-29,13.9,36.0,False,True,False,Palace Museum,True,Excavation Kit,Excavation / DIY Kit,Budget (<=50 CNY),29,True,False,False,3,Budget marketplace excavation kits
product_367c80f02918,Hooos public Taobao/Tmall listing index,2026-08-29,178.0,2.0,False,True,True,Sanxingdui,True,Figurine / Display,Excavation / DIY Kit,Premium (101-200 CNY),33,False,True,False,5,Sales-visible character collectibles
product_4f8ffba98fce,Hooos public Taobao/Tmall listing index,2026-08-29,25.3,24.0,False,True,False,Other / Unclear,False,Excavation Kit,Excavation / DIY Kit,Budget (<=50 CNY),30,True,False,False,3,Budget marketplace excavation kits
product_664b08be356c,Hooos public Taobao/Tmall listing index,2026-08-29,3.01,59.0,False,True,False,Other / Unclear,False,Excavation Kit,Excavation / DIY Kit,Budget (<=50 CNY),31,True,False,False,3,Budget marketplace excavation kits
product_07b0707e5278,Hooos public Taobao/Tmall listing index,2026-08-29,30.8,,False,False,False,Dunhuang,True,Excavation Kit,Excavation / DIY Kit,Budget (<=50 CNY),30,True,False,False,3,Budget marketplace excavation kits
product_9514a2515744,Hooos public Taobao/Tmall listing index,2026-08-29,7.1,,False,False,False,Other / Unclear,False,Excavation Kit,Excavation / DIY Kit,Budget (<=50 CNY),30,True,True,False,3,Budget marketplace excavation kits
product_4a5f3de70a6e,Hooos public Taobao/Tmall listing index,2026-08-29,39.0,,False,False,False,Other / Unclear,False,Figurine / Display,Plush / Bag Charm,Budget (<=50 CNY),28,False,True,False,2,Broad museum collectible assortment
product_381af17d0b9f,Hooos public Taobao/Tmall listing index,2026-08-29,7.1,41.0,False,True,False,Henan Museum,True,Excavation Kit,Excavation / DIY Kit,Budget (<=50 CNY),30,True,True,False,3,Budget marketplace excavation kits
product_2fb43506bf0c,Hooos public Taobao/Tmall listing index,2026-08-29,58.88,,False,False,True,Terracotta Warriors,True,Figurine / Display,Plush / Bag Charm,Mass Market (51-100 CNY),30,False,False,False,2,Broad museum collectible assortment
product_5bd456b7d304,Hooos public Taobao/Tmall listing index,2026-08-29,8.7,,False,False,False,Other / Unclear,False,Excavation Kit,Excavation / DIY Kit,Budget (<=50 CNY),30,True,True,False,3,Budget marketplace excavation kits
product_591e6f317b25,Hooos public Taobao/Tmall listing index,2026-08-29,24.6,,False,False,True,Chengdu Museum,True,Figurine / Display,Magnet,Budget (<=50 CNY),30,False,True,False,2,Broad museum collectible assortment
product_fc7ff29ff4a0,Hooos public Taobao/Tmall listing index,2026-08-29,44.3,,False,False,False,Terracotta Warriors,True,Figurine / Display,Plush / Bag Charm,Budget (<=50 CNY),30,False,True,False,2,Broad museum collectible assortment
product_fdb1bc0c5592,Hooos public Taobao/Tmall listing index,2026-08-29,44.2,,False,False,True,Terracotta Warriors,True,Figurine / Display,Plush / Bag Charm,Budget (<=50 CNY),30,False,True,False,2,Broad museum collectible assortment
product_dd6ed3da14ab,Hooos public Taobao/Tmall listing index,2026-08-29,79.0,,False,False,True,Sanxingdui,True,Figurine / Display,Figurine,Mass Market (51-100 CNY),30,False,True,True,2,Broad museum collectible assortment
product_e26bf85abbab,Hooos public Taobao/Tmall listing index,2026-08-29,34.3,,False,False,True,Gansu Museum,True,Figurine / Display,Plush / Bag Charm,Budget (<=50 CNY),30,False,True,False,2,Broad museum collectible assortment
product_cac0cc9bb3e3,Hooos public Taobao/Tmall listing index,2026-08-29,22.0,,False,False,False,Other / Unclear,False,Figurine / Display,Figurine,Budget (<=50 CNY),30,False,True,True,2,Broad museum collectible assortment
product_be36823abd3b,Hooos public Taobao/Tmall listing index,2026-08-29,51.9,100.0,False,True,True,Gansu Museum,True,Figurine / Display,Figurine,Mass Market (51-100 CNY),30,False,True,True,2,Broad museum collectible assortment
product_276c01007a96,Hooos public Taobao/Tmall listing index,2026-08-29,7.1,31.0,False,True,False,Other / Unclear,False,Excavation Kit,Excavation / DIY Kit,Budget (<=50 CNY),30,True,False,False,3,Budget marketplace excavation kits
product_49eca84318b8,Hooos public Taobao/Tmall listing index,2026-08-29,50.35,21.0,False,True,False,Other / Unclear,False,Figurine / Display,Other Blind-box Format,Mass Market (51-100 CNY),29,False,True,False,2,Broad museum collectible assortment
product_6eadcbeda1a6,Hooos public Taobao/Tmall listing index,2026-08-29,39.0,,False,False,True,Gansu Museum,True,Figurine / Display,Magnet,Budget (<=50 CNY),30,False,True,False,2,Broad museum collectible assortment
product_0cdfcaad6af3,Hooos public Taobao/Tmall listing index,2026-08-29,37.0,,False,False,True,Dunhuang,True,Figurine / Display,Magnet,Budget (<=50 CNY),28,False,True,False,2,Broad museum collectible assortment
