review_id,review_length_chars,aspects,aspect_count,sentiment_score,sentiment_label,dominant_topic_id,dominant_topic_probability,topic_1_probability,topic_2_probability,topic_label
review_c06066e3192f,35,Product Design,1,0.9998638636202257,Positive,2,0.5640096178518398,0.4359903821481602,0.5640096178518398,喜欢 / 盲盒 / 孩子
review_73ffeaced941,11,,0,0.9896346197362605,Positive,2,0.6231437521582578,0.3768562478417423,0.6231437521582578,喜欢 / 盲盒 / 孩子
review_21cf85d22a5f,32,,0,0.9897438706692957,Positive,1,0.9281239526806493,0.9281239526806493,0.0718760473193507,可爱 / 喜欢 / 抽到
review_2b4560e1a288,17,Gifting & Education,1,0.03201314206640371,Negative,2,0.7494450206014959,0.25055497939850413,0.7494450206014959,喜欢 / 盲盒 / 孩子
review_9aa1b4e90fcd,18,,0,0.9759358957141163,Positive,1,0.7094697538139225,0.7094697538139225,0.29053024618607753,可爱 / 喜欢 / 抽到
review_e124be58f9dd,36,Blind-box Outcome,1,0.9937549363934407,Positive,1,0.9222509013577185,0.9222509013577185,0.07774909864228151,可爱 / 喜欢 / 抽到
review_099e405b629e,41,,0,0.994681167663104,Positive,1,0.9298894756622401,0.9298894756622401,0.07011052433775994,可爱 / 喜欢 / 抽到
review_34fbf5974006,20,,0,0.9699982438742355,Positive,1,0.7490368141851007,0.7490368141851007,0.25096318581489924,可爱 / 喜欢 / 抽到
review_5bfdb63b2d67,10,Product Design,1,0.960412975804504,Positive,1,0.8715621565019951,0.8715621565019951,0.12843784349800497,可爱 / 喜欢 / 抽到
review_5fe8b42028b4,96,Product Design|Quality|Blind-box Outcome,3,0.9928817054904756,Positive,1,0.9552277871673259,0.9552277871673259,0.04477221283267405,可爱 / 喜欢 / 抽到
review_fcc7a812f316,10,Product Design,1,0.9749058147506077,Positive,1,0.7498422249077648,0.7498422249077648,0.2501577750922352,可爱 / 喜欢 / 抽到
review_9030fdf0d4e2,17,Blind-box Outcome,1,0.6889115616660352,Positive,1,0.873497832109263,0.873497832109263,0.12650216789073696,可爱 / 喜欢 / 抽到
review_ed35780e95e6,82,Product Design|Blind-box Outcome,2,0.9623819442684154,Positive,1,0.8048899066319962,0.8048899066319962,0.1951100933680038,可爱 / 喜欢 / 抽到
review_e4e456768e0c,13,Blind-box Outcome,1,0.30060304282827965,Negative,1,0.8288563742078557,0.8288563742078557,0.17114362579214432,可爱 / 喜欢 / 抽到
review_81030604444a,35,Blind-box Outcome,1,0.11861588734959405,Negative,1,0.9416182002367978,0.9416182002367978,0.058381799763202215,可爱 / 喜欢 / 抽到
review_d6a705509c2c,35,,0,0.6858034941911592,Positive,1,0.9020626017421765,0.9020626017421765,0.0979373982578236,可爱 / 喜欢 / 抽到
review_a574eded8a8c,64,Blind-box Outcome|Gifting & Education,2,0.9999721677058879,Positive,1,0.9700603165270434,0.9700603165270434,0.029939683472956613,可爱 / 喜欢 / 抽到
review_a31d62d72353,14,,0,0.7605014980823293,Positive,1,0.8324477798792262,0.8324477798792262,0.1675522201207737,可爱 / 喜欢 / 抽到
review_108a5b5f81c3,39,,0,0.9999580697366455,Positive,1,0.9344950624007141,0.9344950624007141,0.0655049375992859,可爱 / 喜欢 / 抽到
review_9e1a68a8d864,49,Product Design,1,0.9546495871604809,Positive,1,0.9434402370388005,0.9434402370388005,0.05655976296119946,可爱 / 喜欢 / 抽到
review_d17e9faba1a2,56,Quality,1,0.2063889505436709,Negative,2,0.6850300185132936,0.31496998148670635,0.6850300185132936,喜欢 / 盲盒 / 孩子
review_93b929da36d4,157,Product Design,1,0.9999999999862681,Positive,2,0.5059521331869926,0.4940478668130073,0.5059521331869926,喜欢 / 盲盒 / 孩子
review_f3e605f50076,24,,0,0.9641677545053678,Positive,1,0.907008214652666,0.907008214652666,0.09299178534733395,可爱 / 喜欢 / 抽到
review_95cb0ef72340,39,,0,0.9997268154183392,Positive,1,0.9413091210809323,0.9413091210809323,0.05869087891906766,可爱 / 喜欢 / 抽到
review_44a9e4ae27c3,12,,0,0.23191103377695732,Negative,1,0.7440471974177494,0.7440471974177494,0.2559528025822505,可爱 / 喜欢 / 抽到
review_64735523463e,77,Product Design|Gifting & Education,2,0.999515938187408,Positive,2,0.818065033869372,0.18193496613062796,0.818065033869372,喜欢 / 盲盒 / 孩子
review_d24a37c6bf8a,72,Gifting & Education,1,0.9999999997880618,Positive,2,0.671821014845726,0.328178985154274,0.671821014845726,喜欢 / 盲盒 / 孩子
review_e64c1b11d4ec,25,,0,0.38109645007588155,Negative,2,0.9144003818366604,0.08559961816333964,0.9144003818366604,喜欢 / 盲盒 / 孩子
review_a72434a96967,19,Product Design,1,0.9840392424845681,Positive,1,0.8896356657004681,0.8896356657004681,0.1103643342995319,可爱 / 喜欢 / 抽到
review_b69a882fbb8f,35,Packaging|Price & Value,2,0.9999818045857316,Positive,2,0.9456385178279316,0.054361482172068355,0.9456385178279316,喜欢 / 盲盒 / 孩子
review_238964033b1e,53,Gifting & Education,1,0.9920623506464379,Positive,2,0.9428321573555102,0.05716784264448976,0.9428321573555102,喜欢 / 盲盒 / 孩子
review_5a8be7eab7fa,47,Product Design,1,0.9908122244235086,Positive,1,0.9424607390810479,0.9424607390810479,0.057539260918952014,可爱 / 喜欢 / 抽到
review_dfc72e13f633,84,,0,0.3310580376962262,Negative,2,0.8667945640002459,0.13320543599975415,0.8667945640002459,喜欢 / 盲盒 / 孩子
review_c199bce3be91,16,,0,0.9383715526467715,Positive,2,0.7482393688981164,0.25176063110188357,0.7482393688981164,喜欢 / 盲盒 / 孩子
review_4744d4f8ea19,13,,0,0.11711126520029758,Negative,2,0.8295235614729403,0.17047643852705968,0.8295235614729403,喜欢 / 盲盒 / 孩子
review_924c8d695904,30,Quality|Blind-box Outcome,2,0.9967860056171889,Positive,1,0.9198753696842613,0.9198753696842613,0.08012463031573874,可爱 / 喜欢 / 抽到
review_0f26e90fc848,73,Product Design,1,0.07235576858598658,Negative,1,0.9718572958899,0.9718572958899,0.028142704110100003,可爱 / 喜欢 / 抽到
review_579502003d22,8,Gifting & Education,1,0.986311107084069,Positive,2,0.8510469863894671,0.14895301361053292,0.8510469863894671,喜欢 / 盲盒 / 孩子
review_5b8a748266e9,27,,0,0.8856283229710943,Positive,2,0.7474154708121344,0.2525845291878656,0.7474154708121344,喜欢 / 盲盒 / 孩子
review_51ac5d9ec662,9,Gifting & Education,1,0.888672497507399,Positive,2,0.8575112929813195,0.14248870701868055,0.8575112929813195,喜欢 / 盲盒 / 孩子
review_32b900d9335b,37,Blind-box Outcome,1,0.9605762812737265,Positive,1,0.5189822912121651,0.5189822912121651,0.4810177087878349,可爱 / 喜欢 / 抽到
review_91523fdd3018,13,Blind-box Outcome,1,0.8088431357085432,Positive,1,0.8980681900104583,0.8980681900104583,0.10193180998954163,可爱 / 喜欢 / 抽到
review_3b5281c6dd9f,57,Blind-box Outcome,1,0.47276635486498564,Neutral / Mixed,1,0.9677150192609486,0.9677150192609486,0.03228498073905131,可爱 / 喜欢 / 抽到
review_74a93e4491c1,19,Product Design,1,0.34925263123464356,Negative,1,0.9106918384490322,0.9106918384490322,0.08930816155096769,可爱 / 喜欢 / 抽到
review_7dc93a2d8ba3,13,,0,0.021719529515715763,Negative,2,0.8608521831411168,0.13914781685888325,0.8608521831411168,喜欢 / 盲盒 / 孩子
review_0e7a48508e01,9,Product Design,1,0.5113270861163088,Neutral / Mixed,1,0.7241172335121294,0.7241172335121294,0.2758827664878706,可爱 / 喜欢 / 抽到
review_a2af7b929b05,14,Blind-box Outcome,1,0.8811803410796798,Positive,1,0.8306315517771906,0.8306315517771906,0.1693684482228093,可爱 / 喜欢 / 抽到
review_093176784ea2,11,Product Design,1,0.878446414400521,Positive,1,0.813866170458153,0.813866170458153,0.1861338295418471,可爱 / 喜欢 / 抽到
review_8d34c69811c2,87,Blind-box Outcome,1,0.6520113358153959,Positive,2,0.8935100918294155,0.10648990817058444,0.8935100918294155,喜欢 / 盲盒 / 孩子
review_9fa760feff8c,11,Packaging,1,0.5879464377158367,Neutral / Mixed,2,0.7939226907966566,0.20607730920334344,0.7939226907966566,喜欢 / 盲盒 / 孩子
review_08b09405e2f3,11,Product Design,1,0.6037021546941544,Positive,1,0.5196810068832091,0.5196810068832091,0.480318993116791,可爱 / 喜欢 / 抽到
review_04306791dde5,17,Product Design|Blind-box Outcome,2,0.9999961565271757,Positive,1,0.915262484643347,0.915262484643347,0.08473751535665293,可爱 / 喜欢 / 抽到
review_0074e93cbb74,20,Product Design,1,0.24074266116035492,Negative,1,0.8576810387741388,0.8576810387741388,0.1423189612258612,可爱 / 喜欢 / 抽到
review_c29015bcdfd8,94,Service|Gifting & Education,2,1.1426527524172059e-07,Negative,2,0.9637032121985261,0.03629678780147389,0.9637032121985261,喜欢 / 盲盒 / 孩子
review_c0272f2565db,19,Quality,1,0.890133460191998,Positive,2,0.8322319383144613,0.16776806168553865,0.8322319383144613,喜欢 / 盲盒 / 孩子
review_e79601e83713,10,,0,0.6000381578625099,Positive,1,0.8060838872493318,0.8060838872493318,0.19391611275066828,可爱 / 喜欢 / 抽到
review_5ac696bcb960,19,Product Design,1,0.9894899227179824,Positive,1,0.5446823860508977,0.5446823860508977,0.4553176139491024,可爱 / 喜欢 / 抽到
review_3c085062e5f3,11,,0,0.6608197373301599,Positive,2,0.8613659211543949,0.1386340788456052,0.8613659211543949,喜欢 / 盲盒 / 孩子
review_cec971175075,29,,0,0.9999498186309509,Positive,2,0.9155563702188435,0.08444362978115645,0.9155563702188435,喜欢 / 盲盒 / 孩子
review_91692ae43815,9,Product Design|Blind-box Outcome,2,0.910471139360807,Positive,1,0.8082284330782245,0.8082284330782245,0.19177156692177555,可爱 / 喜欢 / 抽到
review_5e64a1abf7d1,128,Packaging,1,0.0057459790100300445,Negative,1,0.9628558443041998,0.9628558443041998,0.03714415569580031,可爱 / 喜欢 / 抽到
review_bee390b9d726,21,Product Design,1,0.7798859800044864,Positive,2,0.786381690941477,0.21361830905852305,0.786381690941477,喜欢 / 盲盒 / 孩子
review_d24bb078e99e,34,Blind-box Outcome,1,0.9999399597316472,Positive,2,0.830541731433621,0.16945826856637905,0.830541731433621,喜欢 / 盲盒 / 孩子
review_84d0e55b7319,76,Product Design,1,0.9999198428334581,Positive,2,0.6354909003088189,0.36450909969118095,0.6354909003088189,喜欢 / 盲盒 / 孩子
review_7aedb7ea7e1c,11,Product Design,1,0.9647864398756887,Positive,1,0.8748437895078581,0.8748437895078581,0.12515621049214185,可爱 / 喜欢 / 抽到
review_7fbce5ac3d1c,13,Product Design|Blind-box Outcome,2,0.9025872809868867,Positive,1,0.8605594711139033,0.8605594711139033,0.13944052888609668,可爱 / 喜欢 / 抽到
review_46804e941bb6,60,,0,0.9880235964596552,Positive,2,0.946127707069889,0.05387229293011098,0.946127707069889,喜欢 / 盲盒 / 孩子
review_8d8ccf0964d4,8,,0,0.9863588056238561,Positive,1,0.8002192393824131,0.8002192393824131,0.19978076061758687,可爱 / 喜欢 / 抽到
review_d4fce4b16274,26,Gifting & Education,1,0.9972814212759746,Positive,2,0.8710504898198791,0.12894951018012082,0.8710504898198791,喜欢 / 盲盒 / 孩子
review_0d33c2ebbf2a,44,Logistics|Gifting & Education,2,0.999995354280712,Positive,2,0.9453146039524785,0.054685396047521435,0.9453146039524785,喜欢 / 盲盒 / 孩子
review_87a302b0d931,34,,0,0.9938329895706911,Positive,1,0.8944177535815704,0.8944177535815704,0.1055822464184296,可爱 / 喜欢 / 抽到
review_e43c7f4c7e76,42,Product Design,1,0.6126489879365856,Positive,1,0.6803075006743937,0.6803075006743937,0.3196924993256063,可爱 / 喜欢 / 抽到
review_bac9daa6ff32,28,,0,0.922814234704475,Positive,1,0.6275221622801671,0.6275221622801671,0.37247783771983284,可爱 / 喜欢 / 抽到
review_160a781b70a7,21,Gifting & Education,1,0.9845540852551458,Positive,2,0.8598166521906647,0.1401833478093353,0.8598166521906647,喜欢 / 盲盒 / 孩子
review_14cbb058b128,33,Product Design|Quality,2,0.9837917582982135,Positive,2,0.5529770902774985,0.4470229097225014,0.5529770902774985,喜欢 / 盲盒 / 孩子
review_66b6d3ffc2a9,41,Product Design|Quality|Service,3,0.5414802907819822,Neutral / Mixed,1,0.5201419856712571,0.5201419856712571,0.479858014328743,可爱 / 喜欢 / 抽到
review_b7f0e06e10cf,23,Quality,1,0.7309856025777967,Positive,2,0.7902914553448567,0.20970854465514338,0.7902914553448567,喜欢 / 盲盒 / 孩子
review_d6060762c6a6,14,,0,0.6144020379274954,Positive,2,0.8309302752468517,0.16906972475314824,0.8309302752468517,喜欢 / 盲盒 / 孩子
review_5dcf62dcc637,72,Gifting & Education,1,0.02488992007921631,Negative,2,0.9191580908942971,0.08084190910570292,0.9191580908942971,喜欢 / 盲盒 / 孩子
review_92b7f7c1f1a1,62,Quality|Gifting & Education,2,0.9165219075949614,Positive,2,0.9547052491618117,0.045294750838188395,0.9547052491618117,喜欢 / 盲盒 / 孩子
review_61730e3fa211,18,,0,0.44801680694580726,Neutral / Mixed,1,0.5,0.5,0.5,可爱 / 喜欢 / 抽到
review_51aa5a74e754,13,,0,0.5889125801902955,Neutral / Mixed,1,0.869170908865051,0.869170908865051,0.13082909113494906,可爱 / 喜欢 / 抽到
review_09b6f110643b,81,Quality|Blind-box Outcome,2,0.9999258016799096,Positive,1,0.9639127203376954,0.9639127203376954,0.03608727966230453,可爱 / 喜欢 / 抽到
review_d1dc262eb016,15,Blind-box Outcome,1,0.7808317179020364,Positive,1,0.8649360965934002,0.8649360965934002,0.13506390340659968,可爱 / 喜欢 / 抽到
review_4d2caa395d24,46,Gifting & Education,1,0.9999944329978878,Positive,2,0.5306868631040328,0.4693131368959672,0.5306868631040328,喜欢 / 盲盒 / 孩子
review_909558e65418,9,,0,0.7506294566085072,Positive,1,0.7479099099916735,0.7479099099916735,0.25209009000832644,可爱 / 喜欢 / 抽到
review_7c2f4313b52d,15,,0,0.08654436179229497,Negative,1,0.8727659883423355,0.8727659883423355,0.12723401165766443,可爱 / 喜欢 / 抽到
review_005ac5671388,92,Product Design|Blind-box Outcome,2,0.11877086067107023,Negative,2,0.9758223112757413,0.0241776887242587,0.9758223112757413,喜欢 / 盲盒 / 孩子
review_ca69178dee96,43,Quality,1,0.9998284181984597,Positive,1,0.7487000881670169,0.7487000881670169,0.251299911832983,可爱 / 喜欢 / 抽到
review_fc8ed96709c2,26,,0,0.9999915874994172,Positive,2,0.8589037518478436,0.14109624815215632,0.8589037518478436,喜欢 / 盲盒 / 孩子
review_52f271579244,30,Service,1,0.01198871493810394,Negative,2,0.9244002377551503,0.07559976224484956,0.9244002377551503,喜欢 / 盲盒 / 孩子
review_e4b50d1036fe,81,Quality|Gifting & Education,2,0.9786696734893376,Positive,2,0.961536195248975,0.0384638047510249,0.961536195248975,喜欢 / 盲盒 / 孩子
review_18cc4c482057,30,Product Design|Blind-box Outcome,2,0.783207295061172,Positive,2,0.7653282347642416,0.23467176523575836,0.7653282347642416,喜欢 / 盲盒 / 孩子
review_df79bf1b83b1,31,Product Design,1,0.8700324147680469,Positive,1,0.9012749740601574,0.9012749740601574,0.09872502593984253,可爱 / 喜欢 / 抽到
review_a631b43f915b,77,Product Design|Quality|Price & Value|Service|Blind-box Outcome,5,0.49379299195876525,Neutral / Mixed,2,0.5510034155169854,0.4489965844830146,0.5510034155169854,喜欢 / 盲盒 / 孩子
review_5f4861d0c0f8,30,Price & Value|Gifting & Education,2,0.9965038804792723,Positive,2,0.9158613951392971,0.08413860486070283,0.9158613951392971,喜欢 / 盲盒 / 孩子
review_d8d38f8b897e,10,,0,0.8628496674415956,Positive,2,0.8322838493991251,0.1677161506008749,0.8322838493991251,喜欢 / 盲盒 / 孩子
review_e111ab1975bb,10,Product Design,1,0.5580794831082826,Neutral / Mixed,1,0.8329581976651204,0.8329581976651204,0.16704180233487978,可爱 / 喜欢 / 抽到
review_f46277c50c4b,63,Product Design|Quality|Service,3,0.9999928283396631,Positive,1,0.7687906434490424,0.7687906434490424,0.23120935655095753,可爱 / 喜欢 / 抽到
review_8e4cb5397f6b,11,,0,0.7707459534854136,Positive,1,0.5,0.5,0.5,可爱 / 喜欢 / 抽到
review_1e41c54d6996,25,Blind-box Outcome,1,0.9990606870201408,Positive,1,0.8578234879280981,0.8578234879280981,0.14217651207190188,可爱 / 喜欢 / 抽到
review_2e417bb6fd07,77,Product Design|Gifting & Education,2,0.9999999978864129,Positive,2,0.8618781676727733,0.13812183232722683,0.8618781676727733,喜欢 / 盲盒 / 孩子
review_75c7a8f0246e,8,Product Design,1,0.9492054812491966,Positive,1,0.8243804032314156,0.8243804032314156,0.1756195967685844,可爱 / 喜欢 / 抽到
review_0b86fcf4ffdc,30,Blind-box Outcome,1,0.9944389246791251,Positive,1,0.8987845373816034,0.8987845373816034,0.10121546261839669,可爱 / 喜欢 / 抽到
review_e34574afd558,40,,0,0.06996381531585971,Negative,1,0.8884532018863771,0.8884532018863771,0.11154679811362282,可爱 / 喜欢 / 抽到
review_6299bf6178f0,13,,0,0.13285887750429826,Negative,2,0.7870039370341088,0.21299606296589127,0.7870039370341088,喜欢 / 盲盒 / 孩子
review_535b71392976,30,Product Design,1,0.974571415621649,Positive,1,0.9530464936272892,0.9530464936272892,0.04695350637271069,可爱 / 喜欢 / 抽到
review_aeccd2b1c982,24,Product Design,1,0.9941359462035105,Positive,1,0.6040244482637789,0.6040244482637789,0.3959755517362211,可爱 / 喜欢 / 抽到
review_cc31188ab098,30,Quality,1,0.9994742171913299,Positive,1,0.8498844832298288,0.8498844832298288,0.15011551677017113,可爱 / 喜欢 / 抽到
review_2f93bee88f72,16,Blind-box Outcome,1,0.9881950887445637,Positive,1,0.9073012443762102,0.9073012443762102,0.09269875562378983,可爱 / 喜欢 / 抽到
review_003b14d86077,16,,0,0.8791050776512143,Positive,2,0.8778950842882588,0.12210491571174122,0.8778950842882588,喜欢 / 盲盒 / 孩子
review_55e1ca28ceac,103,Blind-box Outcome,1,0.9376090542900429,Positive,1,0.5829205935207448,0.5829205935207448,0.4170794064792551,可爱 / 喜欢 / 抽到
review_6c3f3c771a19,44,Product Design,1,0.9687336855618354,Positive,1,0.9488681973395372,0.9488681973395372,0.05113180266046277,可爱 / 喜欢 / 抽到
review_b19a204f2811,9,Blind-box Outcome,1,0.23116436900761328,Negative,1,0.7496913103972002,0.7496913103972002,0.25030868960279984,可爱 / 喜欢 / 抽到
review_0f9b5a5523df,65,Gifting & Education,1,0.9996679765681624,Positive,2,0.9496124177297111,0.05038758227028894,0.9496124177297111,喜欢 / 盲盒 / 孩子
review_f605eda8cafc,26,,0,0.12017447542712534,Negative,1,0.8730842501112203,0.8730842501112203,0.12691574988877977,可爱 / 喜欢 / 抽到
review_f6198c5095fc,22,,0,0.9708515969008258,Positive,2,0.842517447340658,0.15748255265934202,0.842517447340658,喜欢 / 盲盒 / 孩子
review_c00915a0276c,25,Product Design,1,0.993337926815339,Positive,1,0.9342459201966652,0.9342459201966652,0.06575407980333481,可爱 / 喜欢 / 抽到
review_815e6781e08f,18,Product Design,1,0.9951075394271337,Positive,2,0.7408787698551723,0.2591212301448277,0.7408787698551723,喜欢 / 盲盒 / 孩子
review_6571f977d623,8,Blind-box Outcome,1,0.9423365043762101,Positive,1,0.8329985821583805,0.8329985821583805,0.1670014178416195,可爱 / 喜欢 / 抽到
review_00b175f5f5f4,27,Service,1,0.8121556376503267,Positive,2,0.6883013073682189,0.311698692631781,0.6883013073682189,喜欢 / 盲盒 / 孩子
review_72d66b60d140,20,Logistics,1,0.9844536648492938,Positive,1,0.8664344058016727,0.8664344058016727,0.13356559419832714,可爱 / 喜欢 / 抽到
review_f46f9f70f102,33,Blind-box Outcome,1,0.5621607738993436,Neutral / Mixed,2,0.5760842110406628,0.4239157889593372,0.5760842110406628,喜欢 / 盲盒 / 孩子
review_c01fc5f09658,15,,0,0.07042815145145909,Negative,1,0.5,0.5,0.5,可爱 / 喜欢 / 抽到
review_65059e4cc3b2,23,Product Design,1,0.9948658235675211,Positive,1,0.9159906265722267,0.9159906265722267,0.08400937342777327,可爱 / 喜欢 / 抽到
review_e02f59b09962,22,Blind-box Outcome,1,0.9280828218158204,Positive,1,0.8732505186885963,0.8732505186885963,0.12674948131140376,可爱 / 喜欢 / 抽到
review_d0fbc1c1bbed,49,Packaging,1,0.01109963521615931,Negative,1,0.9008789042714522,0.9008789042714522,0.09912109572854776,可爱 / 喜欢 / 抽到
review_e9fa01b0cddf,23,Price & Value|Gifting & Education,2,0.9962942088520409,Positive,2,0.9409738024862947,0.05902619751370535,0.9409738024862947,喜欢 / 盲盒 / 孩子
review_827e6322afae,16,Product Design,1,0.9914767367535773,Positive,1,0.8993660160251025,0.8993660160251025,0.1006339839748975,可爱 / 喜欢 / 抽到
review_0c8b78012211,37,Gifting & Education,1,0.9999258917527951,Positive,2,0.9476641515589797,0.052335848441020315,0.9476641515589797,喜欢 / 盲盒 / 孩子
review_3dfcc3868e97,8,,0,0.4902557487654896,Neutral / Mixed,2,0.8275578031503654,0.17244219684963463,0.8275578031503654,喜欢 / 盲盒 / 孩子
review_6f9986798c3c,18,Blind-box Outcome,1,0.8662843920422353,Positive,1,0.8961551446666989,0.8961551446666989,0.10384485533330104,可爱 / 喜欢 / 抽到
review_d069be5b98d9,53,,0,0.25433860014422316,Negative,2,0.5055969188109133,0.49440308118908677,0.5055969188109133,喜欢 / 盲盒 / 孩子
review_82801d1eaca4,22,,0,0.9645836609452697,Positive,1,0.7682036767208258,0.7682036767208258,0.2317963232791742,可爱 / 喜欢 / 抽到
review_720ff54bac23,18,Product Design|Quality,2,0.9941440286404752,Positive,1,0.9209010002943312,0.9209010002943312,0.07909899970566875,可爱 / 喜欢 / 抽到
review_b2eb10a06c58,11,Blind-box Outcome,1,0.7039362472334609,Positive,1,0.8830791189984063,0.8830791189984063,0.11692088100159377,可爱 / 喜欢 / 抽到
review_27d7aad1ff62,16,Blind-box Outcome,1,0.7263985489766644,Positive,2,0.6576017000715578,0.34239829992844223,0.6576017000715578,喜欢 / 盲盒 / 孩子
review_ec5b3298c6e1,12,,0,0.46787191329555977,Neutral / Mixed,1,0.7440711587078396,0.7440711587078396,0.2559288412921604,可爱 / 喜欢 / 抽到
review_6fb907339cef,12,,0,0.9614501229904548,Positive,1,0.7474585430486637,0.7474585430486637,0.2525414569513363,可爱 / 喜欢 / 抽到
review_e153233b9fdd,26,Gifting & Education,1,0.9995759910417242,Positive,2,0.9321350891957535,0.06786491080424645,0.9321350891957535,喜欢 / 盲盒 / 孩子
review_732763db001b,9,,0,0.8925811826885207,Positive,1,0.8862034826401729,0.8862034826401729,0.11379651735982714,可爱 / 喜欢 / 抽到
review_b48676c7b20e,22,Quality,1,0.9706868345660389,Positive,1,0.9258681218953339,0.9258681218953339,0.07413187810466619,可爱 / 喜欢 / 抽到
review_4baeb58266af,51,Product Design,1,0.5194584129006304,Neutral / Mixed,1,0.9411871264061489,0.9411871264061489,0.058812873593851164,可爱 / 喜欢 / 抽到
review_ea47db5dd8a3,14,,0,0.9217918683284317,Positive,1,0.7959098174807984,0.7959098174807984,0.20409018251920158,可爱 / 喜欢 / 抽到
review_d5ea59c18a5c,21,Product Design|Quality|Service,3,0.9546447401829881,Positive,1,0.7649264463172306,0.7649264463172306,0.2350735536827693,可爱 / 喜欢 / 抽到
review_294c8b7efdd4,23,Product Design,1,0.8793843571606076,Positive,1,0.7713508685517481,0.7713508685517481,0.2286491314482519,可爱 / 喜欢 / 抽到
review_756b5fe96699,10,,0,0.5284036486645489,Neutral / Mixed,1,0.5,0.5,0.5,可爱 / 喜欢 / 抽到
review_0caed2601714,22,Blind-box Outcome,1,0.9086837788374534,Positive,1,0.8886531476786217,0.8886531476786217,0.11134685232137835,可爱 / 喜欢 / 抽到
review_2abbcea416b6,23,,0,0.04508325723820861,Negative,2,0.8739295014217404,0.12607049857825953,0.8739295014217404,喜欢 / 盲盒 / 孩子
review_35ecad177b43,61,Product Design|Blind-box Outcome,2,0.9999591301486074,Positive,1,0.9687205000870294,0.9687205000870294,0.03127949991297066,可爱 / 喜欢 / 抽到
review_445668f014d3,9,Quality,1,0.9493624919220308,Positive,2,0.8206692554586854,0.1793307445413146,0.8206692554586854,喜欢 / 盲盒 / 孩子
review_e0b74d13edd3,17,Product Design,1,0.9778210197021436,Positive,1,0.897391599632773,0.897391599632773,0.10260840036722703,可爱 / 喜欢 / 抽到
review_212ca7028123,11,Blind-box Outcome,1,0.18611140151594108,Negative,1,0.854903119702731,0.854903119702731,0.14509688029726894,可爱 / 喜欢 / 抽到
review_6c117c615338,14,Gifting & Education,1,0.9917627649794811,Positive,2,0.8339369922826965,0.16606300771730356,0.8339369922826965,喜欢 / 盲盒 / 孩子
review_a9cc96abfc4a,72,Gifting & Education,1,0.7749548687110048,Positive,1,0.5231997210663257,0.5231997210663257,0.47680027893367427,可爱 / 喜欢 / 抽到
review_da197f639f23,31,Product Design|Blind-box Outcome,2,0.9973369147463645,Positive,1,0.8697174785859598,0.8697174785859598,0.1302825214140402,可爱 / 喜欢 / 抽到
review_90e45ed3788d,13,Product Design,1,0.8608030030958068,Positive,1,0.6785548019610452,0.6785548019610452,0.3214451980389549,可爱 / 喜欢 / 抽到
review_308851125e1a,29,Product Design,1,0.8796796142059505,Positive,1,0.9266029996936526,0.9266029996936526,0.07339700030634735,可爱 / 喜欢 / 抽到
review_0cbe103838f1,56,Product Design|Packaging,2,0.0960345566767361,Negative,1,0.9487399762058434,0.9487399762058434,0.051260023794156555,可爱 / 喜欢 / 抽到
review_ac28f694e76d,13,Blind-box Outcome,1,0.9737092447903772,Positive,1,0.852832508260948,0.852832508260948,0.147167491739052,可爱 / 喜欢 / 抽到
review_ffd42c9eeecb,17,,0,0.4722498204880736,Neutral / Mixed,1,0.677010329295151,0.677010329295151,0.32298967070484885,可爱 / 喜欢 / 抽到
review_ed7f3404bb72,47,Product Design|Packaging|Logistics,3,0.03919842071270141,Negative,2,0.9380112135862421,0.06198878641375786,0.9380112135862421,喜欢 / 盲盒 / 孩子
review_80bc7819afa4,414,Price & Value|Service|Logistics|Blind-box Outcome,4,0.0,Negative,2,0.9926312564419544,0.007368743558045674,0.9926312564419544,喜欢 / 盲盒 / 孩子
review_06310637bf4a,14,,0,0.990239537022727,Positive,2,0.8114502030457567,0.18854979695424334,0.8114502030457567,喜欢 / 盲盒 / 孩子
review_567ac0d4939a,56,Quality|Blind-box Outcome,2,0.9998021094484673,Positive,1,0.9652555777248311,0.9652555777248311,0.03474442227516899,可爱 / 喜欢 / 抽到
review_d5c0f059c62a,74,Gifting & Education,1,0.9999845225344751,Positive,2,0.9627748510171172,0.037225148982882726,0.9627748510171172,喜欢 / 盲盒 / 孩子
review_c4a493b6d125,11,Gifting & Education,1,0.9341724138917352,Positive,1,0.5784015743874756,0.5784015743874756,0.4215984256125244,可爱 / 喜欢 / 抽到
review_e5e9af526956,10,,0,0.3677399741705627,Negative,2,0.8274222807493417,0.17257771925065832,0.8274222807493417,喜欢 / 盲盒 / 孩子
review_669d865f40a6,77,Packaging|Gifting & Education,2,0.9999806978303801,Positive,2,0.9625864062846949,0.0374135937153051,0.9625864062846949,喜欢 / 盲盒 / 孩子
review_32dea47b7739,18,Quality,1,0.9977136297700054,Positive,1,0.5170211186489869,0.5170211186489869,0.4829788813510131,可爱 / 喜欢 / 抽到
review_eb8a4b5ff500,8,,0,0.2848287557797178,Negative,1,0.7483758207253814,0.7483758207253814,0.25162417927461855,可爱 / 喜欢 / 抽到
review_0e4bc64538b3,15,Blind-box Outcome,1,0.6471011102320392,Positive,1,0.898145226986104,0.898145226986104,0.10185477301389602,可爱 / 喜欢 / 抽到
review_8f30dbd0812b,92,Product Design|Quality|Gifting & Education,3,0.9999999999733256,Positive,1,0.9618044667582017,0.9618044667582017,0.038195533241798134,可爱 / 喜欢 / 抽到
review_8761925d59df,20,Gifting & Education,1,0.997458821773347,Positive,2,0.8971152602128136,0.10288473978718637,0.8971152602128136,喜欢 / 盲盒 / 孩子
review_42f775e719d5,20,Blind-box Outcome|Gifting & Education,2,0.9862120563391084,Positive,2,0.5756220278203884,0.4243779721796116,0.5756220278203884,喜欢 / 盲盒 / 孩子
review_eaf79993b48a,15,Product Design,1,0.9990761585231875,Positive,1,0.8977852092215504,0.8977852092215504,0.10221479077844954,可爱 / 喜欢 / 抽到
review_a24bf1df8d4e,38,,0,0.80459054526306,Positive,1,0.9481536374442652,0.9481536374442652,0.05184636255573476,可爱 / 喜欢 / 抽到
review_c03883de7a87,16,,0,0.7382125042161726,Positive,2,0.8780780651112186,0.12192193488878149,0.8780780651112186,喜欢 / 盲盒 / 孩子
review_64dae6f183fa,19,,0,0.9999917772335677,Positive,1,0.513316880902598,0.513316880902598,0.48668311909740214,可爱 / 喜欢 / 抽到
review_d7cbe3a77ba0,40,Product Design|Blind-box Outcome,2,0.9790680631065827,Positive,1,0.9451800172582128,0.9451800172582128,0.054819982741787295,可爱 / 喜欢 / 抽到
review_66e2890f5b67,31,Product Design|Blind-box Outcome,2,0.9625664878245143,Positive,1,0.8930261858604076,0.8930261858604076,0.10697381413959238,可爱 / 喜欢 / 抽到
review_e6f0de15b6bf,15,Blind-box Outcome,1,0.7551987431235169,Positive,1,0.7423404948579873,0.7423404948579873,0.25765950514201275,可爱 / 喜欢 / 抽到
review_a77135bdf68d,50,Product Design|Blind-box Outcome,2,0.9207546790804237,Positive,1,0.9467632341994087,0.9467632341994087,0.05323676580059124,可爱 / 喜欢 / 抽到
review_e4178ea8bea4,28,Product Design,1,0.9702092643989089,Positive,1,0.7833846892278954,0.7833846892278954,0.21661531077210464,可爱 / 喜欢 / 抽到
review_d66ba572c693,52,Product Design|Blind-box Outcome,2,0.9925731556921011,Positive,1,0.9603024933494685,0.9603024933494685,0.03969750665053141,可爱 / 喜欢 / 抽到
review_90fb84411741,15,,0,0.17730693363067185,Negative,1,0.8318247836851437,0.8318247836851437,0.16817521631485627,可爱 / 喜欢 / 抽到
review_13938890c93b,44,Quality,1,0.9845304787886415,Positive,2,0.732993449196545,0.267006550803455,0.732993449196545,喜欢 / 盲盒 / 孩子
review_6136a2a204b9,9,Product Design,1,0.9274806392935037,Positive,1,0.8503319667107176,0.8503319667107176,0.1496680332892824,可爱 / 喜欢 / 抽到
review_d0d773e0ff06,21,,0,0.9038161112739044,Positive,2,0.7474154708121344,0.2525845291878656,0.7474154708121344,喜欢 / 盲盒 / 孩子
review_1ad210ca64a9,15,Quality,1,0.9399731229423841,Positive,2,0.8630969979052786,0.1369030020947214,0.8630969979052786,喜欢 / 盲盒 / 孩子
review_2b9375e1add4,52,Quality,1,0.00023383684370070767,Negative,2,0.9346611909076621,0.06533880909233798,0.9346611909076621,喜欢 / 盲盒 / 孩子
review_f2a91ed59d66,33,,0,0.502545339919625,Neutral / Mixed,2,0.9224650341116702,0.07753496588832971,0.9224650341116702,喜欢 / 盲盒 / 孩子
review_229bc9ed3ca1,116,Product Design,1,0.906677038683424,Positive,1,0.837191511222299,0.837191511222299,0.16280848877770096,可爱 / 喜欢 / 抽到
review_3327fbc0ae9e,21,Quality,1,0.9824740491641104,Positive,1,0.8254420116675388,0.8254420116675388,0.17455798833246114,可爱 / 喜欢 / 抽到
review_c328fe1435c2,15,,0,0.8773835833026673,Positive,2,0.8674445665131089,0.13255543348689114,0.8674445665131089,喜欢 / 盲盒 / 孩子
review_93e7774c032f,23,Quality|Blind-box Outcome,2,0.9996863387713565,Positive,1,0.9250597172367624,0.9250597172367624,0.0749402827632375,可爱 / 喜欢 / 抽到
review_c9eaa8f6ba3f,15,,0,0.008170331258800068,Negative,1,0.5,0.5,0.5,可爱 / 喜欢 / 抽到
review_9e3f3b1d0780,12,Product Design|Blind-box Outcome,2,0.9574657187916576,Positive,1,0.8989404721696288,0.8989404721696288,0.10105952783037134,可爱 / 喜欢 / 抽到
review_07674ae63cf5,18,Gifting & Education,1,0.9993524485014806,Positive,2,0.6533320620247706,0.34666793797522943,0.6533320620247706,喜欢 / 盲盒 / 孩子
review_c55bba89d48f,33,Product Design,1,0.998688192013609,Positive,1,0.9051159731584786,0.9051159731584786,0.09488402684152143,可爱 / 喜欢 / 抽到
review_097639c7d3e3,48,Product Design|Blind-box Outcome,2,0.16261380258232494,Negative,1,0.9076817387851517,0.9076817387851517,0.09231826121484836,可爱 / 喜欢 / 抽到
review_c1bfff98f340,11,Blind-box Outcome,1,0.781705276665801,Positive,1,0.8545814017808553,0.8545814017808553,0.14541859821914468,可爱 / 喜欢 / 抽到
review_cab39a52a464,23,Product Design,1,0.5768166575975463,Neutral / Mixed,2,0.7796041579942459,0.2203958420057541,0.7796041579942459,喜欢 / 盲盒 / 孩子
review_af1cf3bac2bd,18,Packaging,1,0.015567068640956694,Negative,2,0.8643096138513378,0.13569038614866227,0.8643096138513378,喜欢 / 盲盒 / 孩子
review_8d96cf144fca,19,Product Design,1,0.9792426091261804,Positive,1,0.8590844869053705,0.8590844869053705,0.14091551309462946,可爱 / 喜欢 / 抽到
review_e596d531cc69,20,Product Design,1,0.9875882198656392,Positive,1,0.6928882508035018,0.6928882508035018,0.3071117491964981,可爱 / 喜欢 / 抽到
review_b2a99b4ab93d,23,Quality,1,0.2955008600362732,Negative,1,0.883798063775777,0.883798063775777,0.1162019362242231,可爱 / 喜欢 / 抽到
review_d5d4723282d0,12,,0,0.43452625655526456,Neutral / Mixed,1,0.8718234595137443,0.8718234595137443,0.1281765404862557,可爱 / 喜欢 / 抽到
review_ac638d508dd7,49,Packaging,1,0.9992978362936993,Positive,2,0.9541433692686546,0.04585663073134529,0.9541433692686546,喜欢 / 盲盒 / 孩子
review_9b9ff99d4fd5,41,Quality|Gifting & Education,2,0.9703419965166086,Positive,2,0.8122699288965707,0.1877300711034293,0.8122699288965707,喜欢 / 盲盒 / 孩子
review_9e1b7e376fa7,21,Blind-box Outcome,1,0.4910957012697047,Neutral / Mixed,1,0.874402026356778,0.874402026356778,0.1255979736432221,可爱 / 喜欢 / 抽到
review_7b4c7854cd50,15,,0,0.9482769848314739,Positive,2,0.8599392230516992,0.14006077694830077,0.8599392230516992,喜欢 / 盲盒 / 孩子
review_fa1a953c0ec2,30,,0,0.6820017755455645,Positive,1,0.5,0.5,0.5,可爱 / 喜欢 / 抽到
review_fa30acf363f8,23,Product Design,1,0.9953792760441236,Positive,1,0.9277553024989572,0.9277553024989572,0.07224469750104281,可爱 / 喜欢 / 抽到
review_3ebf57775d47,29,Quality|Blind-box Outcome,2,0.26047833836662193,Negative,2,0.7264786610424628,0.27352133895753733,0.7264786610424628,喜欢 / 盲盒 / 孩子
review_aa3771e05ec2,47,Quality|Service|Logistics,3,0.9999882446969335,Positive,1,0.6557445635085112,0.6557445635085112,0.3442554364914887,可爱 / 喜欢 / 抽到
review_181f032758b7,41,Product Design|Blind-box Outcome,2,0.9723479949601218,Positive,1,0.8575596405970521,0.8575596405970521,0.14244035940294783,可爱 / 喜欢 / 抽到
review_901f53e2c4e7,26,Gifting & Education,1,0.9634661943746696,Positive,2,0.9291532123686969,0.07084678763130314,0.9291532123686969,喜欢 / 盲盒 / 孩子
review_5d25f837f6b7,43,Quality|Blind-box Outcome,2,0.9759294351608278,Positive,2,0.5495388655907694,0.4504611344092306,0.5495388655907694,喜欢 / 盲盒 / 孩子
review_4d082e8580cd,25,,0,0.06988259278238795,Negative,1,0.9118281416058115,0.9118281416058115,0.08817185839418848,可爱 / 喜欢 / 抽到
review_9475ebc6c227,35,Blind-box Outcome,1,0.9986845009449752,Positive,1,0.9096512930631223,0.9096512930631223,0.09034870693687769,可爱 / 喜欢 / 抽到
review_8acfcd69979e,24,Product Design|Packaging,2,0.3255087741107835,Negative,1,0.9335527209203917,0.9335527209203917,0.06644727907960839,可爱 / 喜欢 / 抽到
review_21d49050157f,9,,0,0.4651768478752626,Neutral / Mixed,1,0.5193987834446318,0.5193987834446318,0.4806012165553683,可爱 / 喜欢 / 抽到
review_b1ca895e0b3a,20,Blind-box Outcome,1,0.8259455942075263,Positive,1,0.9190017980340538,0.9190017980340538,0.08099820196594619,可爱 / 喜欢 / 抽到
review_6941e79a5361,17,,0,0.9435993049220363,Positive,1,0.5380846218505159,0.5380846218505159,0.46191537814948425,可爱 / 喜欢 / 抽到
review_e5f2d2099dfc,41,Product Design|Blind-box Outcome,2,0.9794115353100643,Positive,1,0.9337342440991429,0.9337342440991429,0.06626575590085713,可爱 / 喜欢 / 抽到
review_90b03f47e405,25,Product Design|Quality,2,0.70907499588347,Positive,1,0.800416740622186,0.800416740622186,0.19958325937781396,可爱 / 喜欢 / 抽到
review_42b0f9d6307f,54,Product Design,1,0.9943857315300414,Positive,1,0.8899793669027575,0.8899793669027575,0.11002063309724254,可爱 / 喜欢 / 抽到
review_88bf24435cf2,29,,0,0.04298017457320702,Negative,2,0.9330060921489592,0.06699390785104077,0.9330060921489592,喜欢 / 盲盒 / 孩子
review_2627d91ace1d,12,Price & Value,1,0.9977707614255716,Positive,2,0.8287088203589852,0.17129117964101492,0.8287088203589852,喜欢 / 盲盒 / 孩子
review_d107c345c158,18,Product Design,1,0.997251035222665,Positive,1,0.7209420176785454,0.7209420176785454,0.2790579823214546,可爱 / 喜欢 / 抽到
review_430d0c87d58e,13,,0,0.751473840529778,Positive,1,0.8296052105652607,0.8296052105652607,0.17039478943473924,可爱 / 喜欢 / 抽到
review_efccdcebdbb9,83,Quality,1,0.9999999999986844,Positive,1,0.6918846945355225,0.6918846945355225,0.30811530546447763,可爱 / 喜欢 / 抽到
review_ab8b9367510f,12,Product Design,1,0.6709568000461859,Positive,1,0.7241172335121294,0.7241172335121294,0.2758827664878706,可爱 / 喜欢 / 抽到
review_95c6c13f2c29,44,Price & Value,1,0.6417848773191176,Positive,1,0.6679031631193498,0.6679031631193498,0.3320968368806503,可爱 / 喜欢 / 抽到
review_a03bcd068a8d,31,Product Design|Quality|Gifting & Education,3,0.9999933435688937,Positive,1,0.67875369839972,0.67875369839972,0.3212463016002799,可爱 / 喜欢 / 抽到
review_6478178c7955,30,Blind-box Outcome,1,0.8941986950253681,Positive,1,0.6452065624527163,0.6452065624527163,0.3547934375472837,可爱 / 喜欢 / 抽到
review_66f6d23bc5cb,19,,0,0.32868118756585885,Negative,2,0.8318501726057806,0.16814982739421933,0.8318501726057806,喜欢 / 盲盒 / 孩子
review_037fe7745250,16,Product Design|Quality,2,0.9992297006545168,Positive,1,0.8980956835744777,0.8980956835744777,0.10190431642552233,可爱 / 喜欢 / 抽到
review_fc27a459b19c,19,,0,0.9609545822176556,Positive,2,0.8743414442247656,0.1256585557752344,0.8743414442247656,喜欢 / 盲盒 / 孩子
review_0e5f2a80b661,38,Quality|Gifting & Education,2,0.9992988334083898,Positive,2,0.9535920531761505,0.04640794682384959,0.9535920531761505,喜欢 / 盲盒 / 孩子
review_1f024792307a,20,,0,0.37549477129969244,Negative,1,0.8303791382111961,0.8303791382111961,0.16962086178880378,可爱 / 喜欢 / 抽到
review_95ce7d1b46bf,55,Gifting & Education,1,0.9999996077883209,Positive,2,0.9438364976963103,0.056163502303689654,0.9438364976963103,喜欢 / 盲盒 / 孩子
review_546eb80d43ca,9,Blind-box Outcome,1,0.9805326407749924,Positive,1,0.8720729707367614,0.8720729707367614,0.1279270292632387,可爱 / 喜欢 / 抽到
review_60be6cb281b1,30,Gifting & Education,1,0.9862595303600068,Positive,2,0.887034405403668,0.11296559459633203,0.887034405403668,喜欢 / 盲盒 / 孩子
review_1b56924d085c,15,,0,0.2793814656228024,Negative,1,0.5883206239928594,0.5883206239928594,0.4116793760071406,可爱 / 喜欢 / 抽到
review_827085cbfd96,9,,0,0.48241465906582026,Neutral / Mixed,2,0.7445844289753711,0.2554155710246289,0.7445844289753711,喜欢 / 盲盒 / 孩子
review_9c7a15c4c95d,9,,0,0.6450709818405361,Positive,1,0.7312698255903706,0.7312698255903706,0.2687301744096294,可爱 / 喜欢 / 抽到
review_dbcab7e6c8d1,47,,0,0.9298994267895102,Positive,2,0.9064641808256396,0.09353581917436045,0.9064641808256396,喜欢 / 盲盒 / 孩子
review_4e582f615b84,17,Gifting & Education,1,0.9947930544499236,Positive,2,0.8347927989903375,0.1652072010096624,0.8347927989903375,喜欢 / 盲盒 / 孩子
review_bb39e5c684a2,72,Product Design,1,0.7162580542552598,Positive,2,0.733413743823867,0.266586256176133,0.733413743823867,喜欢 / 盲盒 / 孩子
review_7f0fa6acbfee,22,,0,0.7133049536624648,Positive,2,0.8638754225531912,0.13612457744680878,0.8638754225531912,喜欢 / 盲盒 / 孩子
review_b9df4fccbe18,83,Blind-box Outcome,1,0.6227919296710795,Positive,1,0.8983619934238303,0.8983619934238303,0.10163800657616974,可爱 / 喜欢 / 抽到
review_5e7787df7712,18,,0,0.9989201772301939,Positive,1,0.5,0.5,0.5,可爱 / 喜欢 / 抽到
review_7d2523782129,24,Logistics,1,0.1265597423431003,Negative,1,0.7759194291765535,0.7759194291765535,0.2240805708234465,可爱 / 喜欢 / 抽到
review_3099a892afbe,55,,0,0.971634917920553,Positive,2,0.9408820756868189,0.05911792431318109,0.9408820756868189,喜欢 / 盲盒 / 孩子
review_07fdc0f14e14,18,,0,0.9611768506270736,Positive,2,0.8557229197506622,0.1442770802493378,0.8557229197506622,喜欢 / 盲盒 / 孩子
review_0b62214fad17,35,,0,0.5578675575778062,Neutral / Mixed,2,0.6526122968478815,0.3473877031521185,0.6526122968478815,喜欢 / 盲盒 / 孩子
review_e91fe854ef05,16,,0,0.9917066948272422,Positive,1,0.7275020595989937,0.7275020595989937,0.2724979404010064,可爱 / 喜欢 / 抽到
review_bf93ec9f4309,65,Quality,1,0.9999959862063134,Positive,1,0.5091389937739732,0.5091389937739732,0.49086100622602685,可爱 / 喜欢 / 抽到
review_be7febe8382b,26,Product Design,1,0.8169240259773094,Positive,1,0.9092415519929735,0.9092415519929735,0.09075844800702648,可爱 / 喜欢 / 抽到
review_82e1eaa9bad1,19,Blind-box Outcome,1,0.6265823208547029,Positive,1,0.8168502021333224,0.8168502021333224,0.18314979786667776,可爱 / 喜欢 / 抽到
review_f84867c18e71,42,Gifting & Education,1,0.9836968963580536,Positive,2,0.9400163346334565,0.059983665366543565,0.9400163346334565,喜欢 / 盲盒 / 孩子
review_584f045408d2,8,,0,0.39018503475251987,Negative,2,0.7322198742975471,0.2677801257024529,0.7322198742975471,喜欢 / 盲盒 / 孩子
review_4e01a61cc500,15,Blind-box Outcome,1,0.5884365580993955,Neutral / Mixed,1,0.8719145746228304,0.8719145746228304,0.12808542537716952,可爱 / 喜欢 / 抽到
review_b48ef21e2421,29,Quality,1,0.63180135647325,Positive,1,0.6173389705658318,0.6173389705658318,0.3826610294341682,可爱 / 喜欢 / 抽到
review_bac2370c2ffc,49,,0,0.7274385671190231,Positive,2,0.9459734331638124,0.05402656683618758,0.9459734331638124,喜欢 / 盲盒 / 孩子
review_1771ba9d281b,9,,0,0.7109620743995286,Positive,1,0.831855826248108,0.831855826248108,0.168144173751892,可爱 / 喜欢 / 抽到
review_18352aff6071,84,Product Design|Blind-box Outcome,2,0.09938024705811255,Negative,2,0.5794458311955204,0.42055416880447954,0.5794458311955204,喜欢 / 盲盒 / 孩子
review_c915fff8c286,15,Blind-box Outcome,1,0.008418227906076936,Negative,2,0.7526474762211176,0.2473525237788824,0.7526474762211176,喜欢 / 盲盒 / 孩子
review_6f448a374abd,16,Blind-box Outcome,1,0.8021784835504245,Positive,1,0.7105057054362814,0.7105057054362814,0.28949429456371856,可爱 / 喜欢 / 抽到
review_1dbfe377cc0e,22,Logistics,1,0.039821285768505965,Negative,2,0.8725916507935959,0.12740834920640412,0.8725916507935959,喜欢 / 盲盒 / 孩子
review_e07e3d028223,23,Price & Value|Gifting & Education,2,0.9877338759904521,Positive,2,0.6323041276089371,0.3676958723910629,0.6323041276089371,喜欢 / 盲盒 / 孩子
review_ffb496eb9504,33,Packaging,1,0.48990012161165264,Neutral / Mixed,1,0.7240230187310862,0.7240230187310862,0.27597698126891385,可爱 / 喜欢 / 抽到
review_837e41c2168e,28,,0,0.999982836687084,Positive,2,0.8981462183482555,0.1018537816517446,0.8981462183482555,喜欢 / 盲盒 / 孩子
review_aef0b51dba50,30,Product Design,1,0.9999589201119328,Positive,2,0.9056677771667379,0.09433222283326215,0.9056677771667379,喜欢 / 盲盒 / 孩子
review_b236b1c85c54,46,,0,0.9999957436090813,Positive,2,0.9576269140296884,0.04237308597031165,0.9576269140296884,喜欢 / 盲盒 / 孩子
review_3b24b562f546,34,Quality|Logistics|Blind-box Outcome,3,0.2131333599632288,Negative,2,0.5037067585963005,0.49629324140369935,0.5037067585963005,喜欢 / 盲盒 / 孩子
review_631b9ee3a4cc,22,Blind-box Outcome,1,0.8243375792664798,Positive,1,0.8559758957640866,0.8559758957640866,0.1440241042359134,可爱 / 喜欢 / 抽到
review_83ae78b5bc46,16,Price & Value|Gifting & Education,2,0.4494810045535096,Neutral / Mixed,2,0.8726078448913975,0.12739215510860244,0.8726078448913975,喜欢 / 盲盒 / 孩子
review_16d1ab00850e,36,Blind-box Outcome,1,0.9982300816990033,Positive,1,0.8418335944314943,0.8418335944314943,0.15816640556850564,可爱 / 喜欢 / 抽到
review_56e781608c94,25,Product Design,1,0.9689478143496462,Positive,1,0.5762964665009565,0.5762964665009565,0.42370353349904366,可爱 / 喜欢 / 抽到
review_1236cd7ddc41,130,Gifting & Education,1,0.9999999957552643,Positive,2,0.9787171498215185,0.02128285017848151,0.9787171498215185,喜欢 / 盲盒 / 孩子
review_0b88a3896a4d,24,,0,0.1036596295087201,Negative,1,0.8492388142876216,0.8492388142876216,0.1507611857123784,可爱 / 喜欢 / 抽到
review_9474427abf35,18,Quality|Packaging,2,0.24973033682401136,Negative,2,0.8674260312509635,0.1325739687490365,0.8674260312509635,喜欢 / 盲盒 / 孩子
review_cb93dff6a5fd,92,Quality|Blind-box Outcome,2,0.9993248708683236,Positive,1,0.9664241134131438,0.9664241134131438,0.03357588658685622,可爱 / 喜欢 / 抽到
review_53f5cb1081f3,26,,0,0.5456705589030376,Neutral / Mixed,2,0.7918180513117926,0.2081819486882075,0.7918180513117926,喜欢 / 盲盒 / 孩子
review_ccde3ecf9b51,74,Product Design|Quality|Gifting & Education,3,0.9999065758048685,Positive,2,0.7727933548253817,0.22720664517461833,0.7727933548253817,喜欢 / 盲盒 / 孩子
review_9bca6914ae65,30,Product Design|Quality,2,0.996258824876836,Positive,1,0.5187211582175012,0.5187211582175012,0.4812788417824987,可爱 / 喜欢 / 抽到
review_4432627edb00,24,,0,0.9970618024281102,Positive,2,0.8540695735279438,0.14593042647205623,0.8540695735279438,喜欢 / 盲盒 / 孩子
review_514780d84d23,38,Product Design,1,0.8837438190904726,Positive,1,0.9203066107193472,0.9203066107193472,0.07969338928065291,可爱 / 喜欢 / 抽到
review_8c8f823ddd8a,24,Product Design,1,0.9221179995740065,Positive,2,0.8790997722245633,0.12090022777543663,0.8790997722245633,喜欢 / 盲盒 / 孩子
review_31b055d7aa45,42,,0,0.39605376995322916,Negative,2,0.9438148246304086,0.056185175369591465,0.9438148246304086,喜欢 / 盲盒 / 孩子
review_1e39f3952dd5,45,Quality|Gifting & Education,2,0.9999370298181942,Positive,2,0.822847450583292,0.17715254941670802,0.822847450583292,喜欢 / 盲盒 / 孩子
review_514ca319b346,17,Gifting & Education,1,0.8061929901147126,Positive,2,0.66094963642767,0.33905036357233,0.66094963642767,喜欢 / 盲盒 / 孩子
review_52846372afce,18,Product Design|Blind-box Outcome,2,0.9999892471090124,Positive,1,0.9219332630199413,0.9219332630199413,0.07806673698005864,可爱 / 喜欢 / 抽到
review_bdbff8b3bbe4,43,Quality,1,0.35856156125287486,Negative,2,0.5865962833568228,0.41340371664317727,0.5865962833568228,喜欢 / 盲盒 / 孩子
review_ad71381827a2,54,Product Design|Quality,2,0.9980555535489172,Positive,1,0.9537775016707113,0.9537775016707113,0.046222498329288604,可爱 / 喜欢 / 抽到
review_2ea33f34270e,56,Product Design|Quality|Packaging|Logistics|Blind-box Outcome,5,0.0005027179132055526,Negative,2,0.6484855618934594,0.35151443810654054,0.6484855618934594,喜欢 / 盲盒 / 孩子
review_548614015895,55,,0,0.9982800547278404,Positive,2,0.9406331623229838,0.05936683767701616,0.9406331623229838,喜欢 / 盲盒 / 孩子
review_ca6cb8757bde,61,Price & Value,1,0.9860601836709532,Positive,2,0.9603040865171983,0.03969591348280166,0.9603040865171983,喜欢 / 盲盒 / 孩子
review_9b4e3da32ee8,24,Blind-box Outcome,1,0.5766169378034149,Neutral / Mixed,1,0.9135142542883159,0.9135142542883159,0.08648574571168412,可爱 / 喜欢 / 抽到
review_2336c2e9d66d,45,Product Design,1,0.9998493502546686,Positive,1,0.9442517163818461,0.9442517163818461,0.055748283618153836,可爱 / 喜欢 / 抽到
review_e279cd689022,16,Quality,1,0.9285609569263233,Positive,2,0.8075632611231142,0.1924367388768859,0.8075632611231142,喜欢 / 盲盒 / 孩子
review_61d3e22c97f2,20,Logistics,1,0.009001610346651256,Negative,2,0.8192380011421047,0.1807619988578954,0.8192380011421047,喜欢 / 盲盒 / 孩子
review_913ae808c765,19,Quality|Logistics,2,0.9785614631082697,Positive,1,0.927652067120801,0.927652067120801,0.07234793287919902,可爱 / 喜欢 / 抽到
review_6871191c4f5e,23,Blind-box Outcome,1,0.9481501255869365,Positive,1,0.8329985821583805,0.8329985821583805,0.1670014178416195,可爱 / 喜欢 / 抽到
review_bd7c68298104,21,Blind-box Outcome,1,0.9892919550117503,Positive,1,0.9088684607964425,0.9088684607964425,0.0911315392035575,可爱 / 喜欢 / 抽到
review_48f5f8fba29f,16,Product Design,1,0.9910822589519456,Positive,1,0.899779103521131,0.899779103521131,0.10022089647886903,可爱 / 喜欢 / 抽到
review_2a52f54c2c35,19,,0,0.35411088216165665,Negative,1,0.9063156444384796,0.9063156444384796,0.09368435556152038,可爱 / 喜欢 / 抽到
review_a3d33534bacc,42,Product Design|Quality,2,0.9994193151316707,Positive,1,0.5237708792902708,0.5237708792902708,0.47622912070972917,可爱 / 喜欢 / 抽到
review_d5ecff5f1d41,23,,0,0.021643990738439256,Negative,2,0.8732150762075009,0.12678492379249912,0.8732150762075009,喜欢 / 盲盒 / 孩子
review_d07ef9efb3e8,122,Quality|Blind-box Outcome,2,0.9992801773454415,Positive,1,0.699004559660476,0.699004559660476,0.3009954403395239,可爱 / 喜欢 / 抽到
review_06665790cd51,30,Blind-box Outcome,1,0.5818084427918406,Neutral / Mixed,1,0.9194296489491567,0.9194296489491567,0.08057035105084336,可爱 / 喜欢 / 抽到
review_6f4232d10cd2,20,Blind-box Outcome,1,0.9686685349038806,Positive,2,0.886736991711541,0.11326300828845902,0.886736991711541,喜欢 / 盲盒 / 孩子
review_af897977157c,24,Blind-box Outcome,1,0.6636928460356659,Positive,2,0.6181129823910194,0.38188701760898053,0.6181129823910194,喜欢 / 盲盒 / 孩子
review_4b07815be23d,74,Product Design|Packaging|Logistics|Gifting & Education,4,0.9999818483490648,Positive,2,0.7196082642541614,0.2803917357458386,0.7196082642541614,喜欢 / 盲盒 / 孩子
review_7cb6a6441c6a,16,,0,0.5618138584094695,Neutral / Mixed,1,0.5826661663262611,0.5826661663262611,0.41733383367373894,可爱 / 喜欢 / 抽到
review_f7b1b7ef6d77,40,Product Design|Blind-box Outcome,2,0.5275731798854902,Neutral / Mixed,2,0.6288070147159647,0.3711929852840353,0.6288070147159647,喜欢 / 盲盒 / 孩子
review_8a38288f1490,32,,0,0.9261123058757107,Positive,2,0.8295616675597182,0.1704383324402818,0.8295616675597182,喜欢 / 盲盒 / 孩子
review_50159e9894ee,20,Gifting & Education,1,0.9847759232533314,Positive,2,0.9225528407668177,0.07744715923318228,0.9225528407668177,喜欢 / 盲盒 / 孩子
review_80d43ebf1e78,65,Gifting & Education,1,0.9997043906164342,Positive,2,0.9511572962969627,0.048842703703037366,0.9511572962969627,喜欢 / 盲盒 / 孩子
review_11211c1a70a1,11,Price & Value,1,0.5912444256545765,Neutral / Mixed,1,0.6411466900433546,0.6411466900433546,0.3588533099566455,可爱 / 喜欢 / 抽到
review_69d8429956e1,53,Quality|Gifting & Education,2,0.9988502922319219,Positive,2,0.922961712761417,0.07703828723858297,0.922961712761417,喜欢 / 盲盒 / 孩子
review_f2a267145628,11,,0,0.969481631864491,Positive,2,0.8692687699071319,0.13073123009286816,0.8692687699071319,喜欢 / 盲盒 / 孩子
review_4f14b6f4e0f8,23,Gifting & Education,1,0.9959142003012377,Positive,2,0.9054630193102756,0.0945369806897244,0.9054630193102756,喜欢 / 盲盒 / 孩子
review_b9d4e7e06aef,13,Blind-box Outcome,1,0.8907308117399843,Positive,1,0.8480944489953806,0.8480944489953806,0.1519055510046194,可爱 / 喜欢 / 抽到
review_7d9f804267fe,26,Quality,1,0.23077102459137655,Negative,2,0.829069416645536,0.17093058335446404,0.829069416645536,喜欢 / 盲盒 / 孩子
review_b00d54a72f96,16,,0,0.8344516022024061,Positive,2,0.8941302721227095,0.10586972787729054,0.8941302721227095,喜欢 / 盲盒 / 孩子
review_7a5325bb65cb,37,Product Design|Blind-box Outcome,2,0.9962835416778001,Positive,1,0.9387639344177218,0.9387639344177218,0.06123606558227818,可爱 / 喜欢 / 抽到
review_4575dcaeaa8e,15,Gifting & Education,1,0.9630270044606541,Positive,2,0.8883151933300988,0.11168480666990115,0.8883151933300988,喜欢 / 盲盒 / 孩子
review_b465ac1bb4b2,10,,0,0.11271359619981813,Negative,1,0.5,0.5,0.5,可爱 / 喜欢 / 抽到
review_4c1d398aca5e,10,,0,0.523780301535678,Neutral / Mixed,2,0.5298719201561043,0.47012807984389576,0.5298719201561043,喜欢 / 盲盒 / 孩子
review_bcc46f3c3885,12,Packaging,1,0.7908935113407918,Positive,1,0.8068218555502173,0.8068218555502173,0.19317814444978268,可爱 / 喜欢 / 抽到
review_535f94b3d911,18,Product Design,1,0.6689006584948606,Positive,2,0.608438942052642,0.39156105794735807,0.608438942052642,喜欢 / 盲盒 / 孩子
review_30f3455ff996,20,,0,0.9625284715401097,Positive,2,0.6219149427724909,0.378085057227509,0.6219149427724909,喜欢 / 盲盒 / 孩子
review_fa98c2aeae93,31,Product Design,1,0.36157002562398977,Negative,2,0.8305094128298801,0.16949058717011997,0.8305094128298801,喜欢 / 盲盒 / 孩子
review_bf5c1453e7e8,30,,0,0.9681627626274557,Positive,1,0.8996880559979366,0.8996880559979366,0.10031194400206354,可爱 / 喜欢 / 抽到
review_a3369c24b263,23,Blind-box Outcome,1,0.9989013471446853,Positive,1,0.9081231799997102,0.9081231799997102,0.09187682000028981,可爱 / 喜欢 / 抽到
review_725c412903b3,12,Blind-box Outcome,1,0.7146238562541701,Positive,2,0.7020669807928814,0.2979330192071187,0.7020669807928814,喜欢 / 盲盒 / 孩子
review_97688f058637,10,,0,0.22482840083442424,Negative,2,0.7481794088383033,0.25182059116169675,0.7481794088383033,喜欢 / 盲盒 / 孩子
review_159a1428df7a,25,Packaging,1,0.01175959336994059,Negative,2,0.8740949656845524,0.1259050343154476,0.8740949656845524,喜欢 / 盲盒 / 孩子
review_e424c7951110,68,,0,0.42777224652830603,Neutral / Mixed,2,0.9649103795050429,0.03508962049495716,0.9649103795050429,喜欢 / 盲盒 / 孩子
review_3e15d3b31b57,41,Blind-box Outcome,1,0.1804679602275756,Negative,1,0.6379715763482998,0.6379715763482998,0.3620284236517002,可爱 / 喜欢 / 抽到
review_6c0d1429fa06,20,Product Design|Blind-box Outcome,2,0.8868554363661992,Positive,1,0.8988799305839805,0.8988799305839805,0.10112006941601956,可爱 / 喜欢 / 抽到
review_ca69f7925798,12,Product Design,1,0.9880120642602721,Positive,1,0.6321258053975651,0.6321258053975651,0.3678741946024349,可爱 / 喜欢 / 抽到
review_afb502fb1e77,138,Quality,1,0.9999999042931887,Positive,2,0.9607860851796578,0.03921391482034225,0.9607860851796578,喜欢 / 盲盒 / 孩子
review_f0d798927f4e,153,Product Design|Quality|Logistics|Blind-box Outcome,4,0.9755358443107588,Positive,1,0.6488849076615715,0.6488849076615715,0.35111509233842847,可爱 / 喜欢 / 抽到
review_b457bdf6c34a,27,Product Design,1,0.7658799386143743,Positive,1,0.5400639861922829,0.5400639861922829,0.45993601380771704,可爱 / 喜欢 / 抽到
review_fb53e2acaeaf,23,Product Design|Blind-box Outcome,2,0.33382323417175797,Negative,1,0.9046586929048313,0.9046586929048313,0.09534130709516876,可爱 / 喜欢 / 抽到
review_d40e3982d23c,22,Product Design,1,0.8499062169591932,Positive,2,0.8548324930323358,0.1451675069676642,0.8548324930323358,喜欢 / 盲盒 / 孩子
review_4d9682890c7f,51,Product Design|Blind-box Outcome,2,0.9890551479645291,Positive,1,0.5805258040519254,0.5805258040519254,0.41947419594807456,可爱 / 喜欢 / 抽到
review_c64b0dcb2553,11,Product Design|Service,2,0.9552648487923465,Positive,1,0.7498422249077648,0.7498422249077648,0.2501577750922352,可爱 / 喜欢 / 抽到
review_16da011f0c6c,28,,0,0.9984033223267982,Positive,1,0.9138804329625742,0.9138804329625742,0.08611956703742595,可爱 / 喜欢 / 抽到
review_178b8b3d98c2,141,Service,1,0.3694374608038441,Negative,2,0.9765601374964218,0.023439862503578202,0.9765601374964218,喜欢 / 盲盒 / 孩子
review_7765c0de8ac7,15,Blind-box Outcome,1,0.4439491182108164,Neutral / Mixed,1,0.6974319699083077,0.6974319699083077,0.3025680300916923,可爱 / 喜欢 / 抽到
review_e21ace1e2b1c,21,Quality,1,0.9996996463396202,Positive,1,0.6352274791133431,0.6352274791133431,0.3647725208866569,可爱 / 喜欢 / 抽到
review_bc46cd6babe9,71,Product Design|Blind-box Outcome,2,0.9334583761813691,Positive,1,0.9308628808007636,0.9308628808007636,0.06913711919923639,可爱 / 喜欢 / 抽到
review_7cb6f8b18485,24,Logistics|Blind-box Outcome,2,0.6623394126799051,Positive,1,0.7516159454881696,0.7516159454881696,0.24838405451183046,可爱 / 喜欢 / 抽到
review_ab14290a196a,17,,0,0.997997654490419,Positive,2,0.9104218697360051,0.0895781302639949,0.9104218697360051,喜欢 / 盲盒 / 孩子
review_c94151bd2000,8,Product Design|Quality,2,0.7947452185009879,Positive,1,0.82497538094556,0.82497538094556,0.17502461905444003,可爱 / 喜欢 / 抽到
review_ca10e2feb29d,26,Quality,1,0.9941061826724656,Positive,1,0.8755340959846188,0.8755340959846188,0.1244659040153812,可爱 / 喜欢 / 抽到
review_5cfb94627884,22,Blind-box Outcome,1,0.27963920540494425,Negative,1,0.6056973769457236,0.6056973769457236,0.3943026230542765,可爱 / 喜欢 / 抽到
review_e2ceb59eae8e,10,,0,0.8044465543625179,Positive,1,0.808184942009442,0.808184942009442,0.19181505799055804,可爱 / 喜欢 / 抽到
review_687cec8dad88,14,Blind-box Outcome,1,0.6277352225802573,Positive,1,0.8583746678240295,0.8583746678240295,0.14162533217597043,可爱 / 喜欢 / 抽到
review_3d307e1bda60,13,,0,0.5402134969335837,Neutral / Mixed,2,0.8599172785688303,0.14008272143116976,0.8599172785688303,喜欢 / 盲盒 / 孩子
review_1467aa9e717c,23,,0,0.7307753356339101,Positive,2,0.910627061690682,0.08937293830931807,0.910627061690682,喜欢 / 盲盒 / 孩子
review_a9f56271fcde,31,Packaging|Logistics|Gifting & Education,3,0.9999345287561264,Positive,2,0.9312691348743333,0.06873086512566662,0.9312691348743333,喜欢 / 盲盒 / 孩子
review_1076c8503abf,26,Blind-box Outcome,1,0.9933277272630222,Positive,1,0.9048388208442628,0.9048388208442628,0.09516117915573717,可爱 / 喜欢 / 抽到
review_f37ec0421029,244,Service|Logistics|Blind-box Outcome,3,1.5354384430565915e-12,Negative,2,0.9811611393935248,0.01883886060647529,0.9811611393935248,喜欢 / 盲盒 / 孩子
review_fa90f1596cfd,9,Logistics,1,0.12389661967538412,Negative,2,0.6089083064861532,0.3910916935138468,0.6089083064861532,喜欢 / 盲盒 / 孩子
review_79a71a6a7a11,86,Product Design|Blind-box Outcome,2,0.9996131054406047,Positive,1,0.9396413181604965,0.9396413181604965,0.06035868183950351,可爱 / 喜欢 / 抽到
review_8b32666f43ea,29,,0,0.9130072718886192,Positive,1,0.9101413020673266,0.9101413020673266,0.0898586979326735,可爱 / 喜欢 / 抽到
review_dc5d5cdf93bc,21,Quality|Gifting & Education,2,0.9956753768447387,Positive,2,0.8967067187700298,0.10329328122997025,0.8967067187700298,喜欢 / 盲盒 / 孩子
review_f488547ea9f3,27,Product Design,1,0.7523542359053424,Positive,1,0.7747858240609475,0.7747858240609475,0.22521417593905246,可爱 / 喜欢 / 抽到
review_6911740d4b9c,15,,0,0.3398857035462548,Negative,1,0.8323860896773319,0.8323860896773319,0.1676139103226681,可爱 / 喜欢 / 抽到
review_26eac76b2d93,50,Packaging|Logistics,2,0.892320813292471,Positive,2,0.9302556906212848,0.06974430937871523,0.9302556906212848,喜欢 / 盲盒 / 孩子
review_08c1c1d7794b,18,,0,0.9913519784899635,Positive,2,0.7072341224772567,0.2927658775227433,0.7072341224772567,喜欢 / 盲盒 / 孩子
review_cffc03c08811,10,Product Design,1,0.9064719380965888,Positive,1,0.8166521973156315,0.8166521973156315,0.1833478026843684,可爱 / 喜欢 / 抽到
review_4254ea8a808a,18,Blind-box Outcome,1,0.088704629411543,Negative,1,0.8319529207174822,0.8319529207174822,0.16804707928251778,可爱 / 喜欢 / 抽到
review_a8da258e2ab0,17,Blind-box Outcome,1,0.7450661403618318,Positive,2,0.6574105921545352,0.34258940784546477,0.6574105921545352,喜欢 / 盲盒 / 孩子
review_b72cd9439a83,57,Gifting & Education,1,0.9999977148091607,Positive,2,0.9553384172077136,0.04466158279228637,0.9553384172077136,喜欢 / 盲盒 / 孩子
review_750a88b7a15c,12,,0,0.8113700811374366,Positive,2,0.5121480372022369,0.4878519627977631,0.5121480372022369,喜欢 / 盲盒 / 孩子
review_707b0a073130,47,Product Design|Blind-box Outcome,2,0.6663511332481313,Positive,1,0.9039417587486888,0.9039417587486888,0.0960582412513113,可爱 / 喜欢 / 抽到
review_ce25c4dafc3a,53,Price & Value,1,0.9619900311040352,Positive,2,0.9558499933269916,0.044150006673008384,0.9558499933269916,喜欢 / 盲盒 / 孩子
review_7cf6cdf3e85f,12,,0,0.6053427034230104,Positive,1,0.7237784935298365,0.7237784935298365,0.27622150647016364,可爱 / 喜欢 / 抽到
review_d288bacd8357,31,Packaging,1,0.5659352083354678,Neutral / Mixed,1,0.5434277955266852,0.5434277955266852,0.45657220447331487,可爱 / 喜欢 / 抽到
review_5c8d9fd183f0,10,Gifting & Education,1,0.9681771635916948,Positive,2,0.893222473848243,0.10677752615175691,0.893222473848243,喜欢 / 盲盒 / 孩子
review_52120542424f,18,Logistics,1,0.966645564857408,Positive,2,0.903352742139087,0.09664725786091302,0.903352742139087,喜欢 / 盲盒 / 孩子
review_75181ddc25fe,14,,0,0.9292395494643605,Positive,1,0.8683536297417221,0.8683536297417221,0.1316463702582779,可爱 / 喜欢 / 抽到
review_1f544cb56cd6,41,Product Design,1,0.9704719992231918,Positive,1,0.9134863023129408,0.9134863023129408,0.08651369768705919,可爱 / 喜欢 / 抽到
review_5298f7b2cc99,60,Logistics|Blind-box Outcome,2,0.848683534831842,Positive,2,0.5098746208911612,0.4901253791088388,0.5098746208911612,喜欢 / 盲盒 / 孩子
review_c50ffe738bd5,119,Service,1,3.256827668662865e-07,Negative,2,0.9786836678494261,0.021316332150573852,0.9786836678494261,喜欢 / 盲盒 / 孩子
review_90fae4ed359d,22,Blind-box Outcome,1,0.9343540761209691,Positive,2,0.6609902934406326,0.3390097065593673,0.6609902934406326,喜欢 / 盲盒 / 孩子
review_a08aea0b9427,26,,0,0.9588079215998817,Positive,1,0.746678806572348,0.746678806572348,0.25332119342765197,可爱 / 喜欢 / 抽到
review_d9d8d4aa44bf,108,Product Design|Service,2,0.9977383727529645,Positive,2,0.6763988645251238,0.3236011354748763,0.6763988645251238,喜欢 / 盲盒 / 孩子
review_bdcef0f9da8b,89,Quality|Logistics|Blind-box Outcome|Gifting & Education,4,0.9979517895982624,Positive,2,0.9616190830628238,0.038380916937176136,0.9616190830628238,喜欢 / 盲盒 / 孩子
review_f8e0f5b2d64e,44,,0,0.1848167637427418,Negative,2,0.7255433561597963,0.27445664384020374,0.7255433561597963,喜欢 / 盲盒 / 孩子
review_e3a8947849c4,25,Product Design,1,0.8542425581188372,Positive,1,0.8723213722732234,0.8723213722732234,0.12767862772677666,可爱 / 喜欢 / 抽到
review_e6178269e224,28,Product Design,1,0.16908101849617196,Negative,1,0.8239713347320169,0.8239713347320169,0.1760286652679832,可爱 / 喜欢 / 抽到
review_53103c69aa8c,25,,0,0.9999827524049532,Positive,2,0.9334078808600742,0.06659211913992583,0.9334078808600742,喜欢 / 盲盒 / 孩子
review_5e3eea273fd1,24,,0,0.4539175610347468,Neutral / Mixed,2,0.8307781856242616,0.16922181437573833,0.8307781856242616,喜欢 / 盲盒 / 孩子
review_d05477246984,49,Packaging|Logistics,2,0.8526711466098683,Positive,1,0.8766571369527335,0.8766571369527335,0.12334286304726647,可爱 / 喜欢 / 抽到
review_10ab877d3dd1,26,,0,0.9999880997834102,Positive,2,0.8240551505397073,0.17594484946029273,0.8240551505397073,喜欢 / 盲盒 / 孩子
review_114904697cfa,67,Product Design|Blind-box Outcome,2,0.9999915222442015,Positive,1,0.8178618187597335,0.8178618187597335,0.1821381812402664,可爱 / 喜欢 / 抽到
review_a87695149bdf,150,Product Design|Quality|Logistics|Blind-box Outcome,4,0.9997544617291007,Positive,1,0.98297811415637,0.98297811415637,0.017021885843629878,可爱 / 喜欢 / 抽到
review_748aa62beb25,42,Quality,1,0.9977221998164332,Positive,1,0.9451859639906388,0.9451859639906388,0.05481403600936108,可爱 / 喜欢 / 抽到
review_5d6c170f162d,30,Blind-box Outcome,1,0.6775802868132099,Positive,1,0.9494410809884554,0.9494410809884554,0.050558919011544634,可爱 / 喜欢 / 抽到
review_7433131279da,26,,0,0.7743641388835929,Positive,1,0.8794416828963297,0.8794416828963297,0.12055831710367036,可爱 / 喜欢 / 抽到
review_f9cc9120b8a3,23,Blind-box Outcome,1,0.47019821833940667,Neutral / Mixed,1,0.8618828576512031,0.8618828576512031,0.1381171423487969,可爱 / 喜欢 / 抽到
review_c9f7ce88ba0c,15,Product Design,1,0.8766157538004602,Positive,1,0.9231762254842713,0.9231762254842713,0.07682377451572876,可爱 / 喜欢 / 抽到
review_5f17effd1b8d,8,Logistics,1,0.4039727934785263,Neutral / Mixed,1,0.7919240180112341,0.7919240180112341,0.20807598198876592,可爱 / 喜欢 / 抽到
review_35d49615a72d,22,Product Design|Blind-box Outcome,2,0.9626412530136165,Positive,1,0.8716481571354145,0.8716481571354145,0.12835184286458548,可爱 / 喜欢 / 抽到
review_45530a8c0f4a,69,,0,0.9685635569333235,Positive,2,0.9296230470565795,0.07037695294342051,0.9296230470565795,喜欢 / 盲盒 / 孩子
review_ea65425bb0b4,20,Service,1,0.9967707042606971,Positive,2,0.6212438583463727,0.37875614165362725,0.6212438583463727,喜欢 / 盲盒 / 孩子
review_a27f9ebb81b9,32,,0,0.007189314776883671,Negative,1,0.7904421663122838,0.7904421663122838,0.20955783368771616,可爱 / 喜欢 / 抽到
review_df4cebdc5de2,27,Product Design,1,0.5568925140500427,Neutral / Mixed,2,0.7851371454463064,0.2148628545536936,0.7851371454463064,喜欢 / 盲盒 / 孩子
review_5009b95468ab,19,Blind-box Outcome,1,0.9527626270875293,Positive,1,0.8604317550928473,0.8604317550928473,0.13956824490715272,可爱 / 喜欢 / 抽到
review_3f7b6470a0fe,12,,0,0.9080700348641727,Positive,1,0.8038869471817299,0.8038869471817299,0.19611305281827007,可爱 / 喜欢 / 抽到
review_f3dfa97826e1,44,Product Design,1,0.9873338194969011,Positive,1,0.8920554920819432,0.8920554920819432,0.10794450791805676,可爱 / 喜欢 / 抽到
review_254fd4db7008,9,Blind-box Outcome,1,0.3576167442477166,Negative,1,0.8721242618782287,0.8721242618782287,0.12787573812177128,可爱 / 喜欢 / 抽到
review_3e44625f40e5,93,Gifting & Education,1,0.9990588219563885,Positive,2,0.9057926400682723,0.09420735993172764,0.9057926400682723,喜欢 / 盲盒 / 孩子
review_f69a3740bb3a,51,Product Design,1,0.9946673447362956,Positive,1,0.9377432166556499,0.9377432166556499,0.06225678334435011,可爱 / 喜欢 / 抽到
review_03dae9194d89,10,,0,0.036053476633556514,Negative,2,0.7439583265046922,0.2560416734953078,0.7439583265046922,喜欢 / 盲盒 / 孩子
review_365daa17a9f2,123,Blind-box Outcome|Gifting & Education,2,0.9999996012848866,Positive,2,0.8700449200286161,0.1299550799713838,0.8700449200286161,喜欢 / 盲盒 / 孩子
review_8d733c614732,9,,0,0.8584509541671659,Positive,1,0.7490351970814927,0.7490351970814927,0.2509648029185072,可爱 / 喜欢 / 抽到
review_6a19a24cf177,21,Blind-box Outcome,1,0.9993614168714728,Positive,1,0.9032476962965006,0.9032476962965006,0.09675230370349944,可爱 / 喜欢 / 抽到
review_ebe4bdfe635c,9,Quality,1,0.8618521914183858,Positive,1,0.8524229462325463,0.8524229462325463,0.14757705376745373,可爱 / 喜欢 / 抽到
review_cff5fd0113f8,25,Product Design,1,0.944622378797606,Positive,1,0.8994638400585688,0.8994638400585688,0.10053615994143113,可爱 / 喜欢 / 抽到
review_0ac5d573ab7d,111,Product Design|Quality|Logistics|Blind-box Outcome,4,0.9999999937078188,Positive,1,0.9734428578754755,0.9734428578754755,0.026557142124524508,可爱 / 喜欢 / 抽到
review_536bb29273a0,44,Product Design|Quality|Gifting & Education,3,0.9999487304164941,Positive,2,0.9619071520272707,0.03809284797272932,0.9619071520272707,喜欢 / 盲盒 / 孩子
review_47bda19df26a,14,Product Design,1,0.9383932037040464,Positive,1,0.8850661253654908,0.8850661253654908,0.11493387463450913,可爱 / 喜欢 / 抽到
review_6ccfd569787f,30,,0,0.866227994536268,Positive,1,0.7953969569550475,0.7953969569550475,0.2046030430449524,可爱 / 喜欢 / 抽到
review_a2c7e1c256cc,48,Quality|Packaging,2,0.2588197350410558,Negative,1,0.9365091754171526,0.9365091754171526,0.06349082458284735,可爱 / 喜欢 / 抽到
review_66a0dac07df6,13,,0,0.5797694614633877,Neutral / Mixed,1,0.5,0.5,0.5,可爱 / 喜欢 / 抽到
review_e688b7d09c22,33,,0,0.8708918431404695,Positive,1,0.898939758599541,0.898939758599541,0.10106024140045888,可爱 / 喜欢 / 抽到
review_d7901a900c96,21,Service,1,0.0003167722567747333,Negative,2,0.8698352658343217,0.13016473416567834,0.8698352658343217,喜欢 / 盲盒 / 孩子
review_b409bdfd9a48,22,Blind-box Outcome,1,0.7678599795995529,Positive,1,0.7423404948579873,0.7423404948579873,0.25765950514201275,可爱 / 喜欢 / 抽到
review_f4218edf0e6b,10,,0,0.44416538561297714,Neutral / Mixed,1,0.7002695735871058,0.7002695735871058,0.29973042641289405,可爱 / 喜欢 / 抽到
review_1b9625add7d2,33,Quality,1,0.08288572015044715,Negative,2,0.9459978871688216,0.05400211283117839,0.9459978871688216,喜欢 / 盲盒 / 孩子
review_e0ada516417e,8,,0,0.891138886953928,Positive,2,0.7468608904143402,0.25313910958565977,0.7468608904143402,喜欢 / 盲盒 / 孩子
review_5dd90da7809c,33,Blind-box Outcome|Gifting & Education,2,0.9892998611765956,Positive,1,0.9100723384934924,0.9100723384934924,0.08992766150650763,可爱 / 喜欢 / 抽到
review_75d4a4b66d5d,29,,0,0.000933562656321163,Negative,2,0.7255433561597963,0.27445664384020374,0.7255433561597963,喜欢 / 盲盒 / 孩子
review_30e64b14bc08,19,Quality|Blind-box Outcome,2,0.16379950936725152,Negative,1,0.906440668726653,0.906440668726653,0.09355933127334698,可爱 / 喜欢 / 抽到
review_b1df13b52d92,42,,0,0.9959169569109176,Positive,2,0.9233106980788985,0.07668930192110145,0.9233106980788985,喜欢 / 盲盒 / 孩子
review_8a2e6d3ab02d,69,Product Design,1,0.6850721180687023,Positive,1,0.9644569675093365,0.9644569675093365,0.035543032490663595,可爱 / 喜欢 / 抽到
review_4ce83c140e66,18,,0,0.9862661296196251,Positive,2,0.6093721230852743,0.39062787691472567,0.6093721230852743,喜欢 / 盲盒 / 孩子
review_026f116a5213,47,Gifting & Education,1,0.31252536394639663,Negative,2,0.7127808163609983,0.2872191836390016,0.7127808163609983,喜欢 / 盲盒 / 孩子
review_4972eac5e26c,57,Quality,1,0.9972075705753685,Positive,2,0.8580398298069408,0.14196017019305918,0.8580398298069408,喜欢 / 盲盒 / 孩子
review_f5fc6881e9fc,32,,0,0.07173166497700612,Negative,2,0.8991184030431365,0.10088159695686352,0.8991184030431365,喜欢 / 盲盒 / 孩子
review_fe39a4c799e6,26,Service|Blind-box Outcome,2,0.0014580688692996668,Negative,2,0.7679789096939037,0.23202109030609624,0.7679789096939037,喜欢 / 盲盒 / 孩子
review_ac79b75bb04f,8,,0,0.7823782081218146,Positive,2,0.5298719201561043,0.47012807984389576,0.5298719201561043,喜欢 / 盲盒 / 孩子
review_9dc0cb4528b8,41,,0,0.32801181605942686,Negative,1,0.9379484060790474,0.9379484060790474,0.06205159392095253,可爱 / 喜欢 / 抽到
review_5a1667fcf3ae,8,,0,0.9439987019269278,Positive,1,0.8269598845562082,0.8269598845562082,0.17304011544379183,可爱 / 喜欢 / 抽到
review_5e7ae6f7f77d,55,,0,0.9772795868150914,Positive,1,0.9608025739879168,0.9608025739879168,0.0391974260120832,可爱 / 喜欢 / 抽到
review_0e55a06c2db8,15,,0,0.265531556678657,Negative,2,0.8615721176017702,0.13842788239822987,0.8615721176017702,喜欢 / 盲盒 / 孩子
review_06616179ec8e,57,Product Design|Quality|Packaging|Logistics|Gifting & Education,5,0.9954538390736678,Positive,2,0.9673301045323488,0.03266989546765119,0.9673301045323488,喜欢 / 盲盒 / 孩子
review_988873fc6112,20,Product Design|Quality,2,0.9734166887485368,Positive,1,0.8739725405762331,0.8739725405762331,0.1260274594237669,可爱 / 喜欢 / 抽到
review_c591633f6694,109,Quality|Blind-box Outcome,2,0.9999973248883258,Positive,1,0.9561503092976346,0.9561503092976346,0.043849690702365426,可爱 / 喜欢 / 抽到
review_930c0b773aac,17,,0,0.9918355686356776,Positive,1,0.8993765014780082,0.8993765014780082,0.10062349852199175,可爱 / 喜欢 / 抽到
review_ae79029d06eb,20,Gifting & Education,1,0.8627252289169564,Positive,2,0.8572861360128087,0.14271386398719135,0.8572861360128087,喜欢 / 盲盒 / 孩子
review_12891d78fb70,9,Product Design,1,0.5417790244627899,Neutral / Mixed,1,0.7241172335121294,0.7241172335121294,0.2758827664878706,可爱 / 喜欢 / 抽到
review_20693bf27aec,9,Product Design,1,0.6000448008645624,Positive,1,0.8231655528512748,0.8231655528512748,0.17683444714872523,可爱 / 喜欢 / 抽到
review_83b34bcd3941,42,Quality|Price & Value,2,0.8326145086883474,Positive,2,0.9386048253605858,0.061395174639414206,0.9386048253605858,喜欢 / 盲盒 / 孩子
review_e98f64050e56,26,,0,0.9961191120604378,Positive,2,0.8306297561723746,0.1693702438276254,0.8306297561723746,喜欢 / 盲盒 / 孩子
review_885a79fcd116,25,Packaging|Gifting & Education,2,0.9979125911053328,Positive,2,0.6927395114303273,0.30726048856967264,0.6927395114303273,喜欢 / 盲盒 / 孩子
review_674911c8cbf2,14,Product Design,1,0.8537075818584231,Positive,2,0.7815703422156464,0.21842965778435355,0.7815703422156464,喜欢 / 盲盒 / 孩子
review_8100264af1e5,36,,0,0.2545460981477916,Negative,2,0.8813433861352743,0.1186566138647257,0.8813433861352743,喜欢 / 盲盒 / 孩子
review_2e6bb408774d,52,Gifting & Education,1,0.9997355238305003,Positive,2,0.6229064693183817,0.3770935306816184,0.6229064693183817,喜欢 / 盲盒 / 孩子
review_f6be3966fb03,17,Product Design|Blind-box Outcome,2,0.9138373092678814,Positive,1,0.8753488132977462,0.8753488132977462,0.12465118670225386,可爱 / 喜欢 / 抽到
review_9cc46ce9ad0e,29,Gifting & Education,1,0.9659778287415123,Positive,2,0.881953199862542,0.11804680013745804,0.881953199862542,喜欢 / 盲盒 / 孩子
review_f5ec00b7a4df,56,Packaging|Gifting & Education,2,0.9999317915568182,Positive,2,0.8229251007430031,0.17707489925699693,0.8229251007430031,喜欢 / 盲盒 / 孩子
review_e796eaa32ac8,19,Gifting & Education,1,0.721167311926441,Positive,2,0.908288273403618,0.09171172659638208,0.908288273403618,喜欢 / 盲盒 / 孩子
review_69f668a626aa,40,Product Design|Blind-box Outcome,2,0.9128864546956121,Positive,1,0.9506648789956873,0.9506648789956873,0.04933512100431262,可爱 / 喜欢 / 抽到
review_6061772ed43b,26,,0,0.9369294313795473,Positive,2,0.5605397000426943,0.4394602999573058,0.5605397000426943,喜欢 / 盲盒 / 孩子
review_dbdbeeb43251,75,Blind-box Outcome,1,0.9993564168679084,Positive,1,0.959118400044615,0.959118400044615,0.040881599955385,可爱 / 喜欢 / 抽到
review_280ba4f2f033,30,Gifting & Education,1,0.9998119323047561,Positive,2,0.6897085815850479,0.31029141841495217,0.6897085815850479,喜欢 / 盲盒 / 孩子
review_53158f8a46a2,26,Quality,1,0.9997285220485871,Positive,1,0.7153717216125095,0.7153717216125095,0.28462827838749055,可爱 / 喜欢 / 抽到
review_f6c6c345ee1d,41,Product Design|Quality|Gifting & Education,3,0.9931669019605417,Positive,2,0.9494498159222445,0.05055018407775558,0.9494498159222445,喜欢 / 盲盒 / 孩子
review_87304fe5a5da,20,Product Design|Blind-box Outcome,2,0.9231580588719256,Positive,1,0.9083669649080551,0.9083669649080551,0.09163303509194488,可爱 / 喜欢 / 抽到
review_acf7edf09c61,15,Product Design|Logistics,2,0.9962991624907177,Positive,1,0.9043390444004097,0.9043390444004097,0.09566095559959031,可爱 / 喜欢 / 抽到
review_6c5483d01369,20,Quality|Gifting & Education,2,0.9981722129524645,Positive,1,0.6999708554197022,0.6999708554197022,0.30002914458029795,可爱 / 喜欢 / 抽到
review_a76dc1c46641,45,Product Design|Quality,2,0.9999974312159583,Positive,1,0.9409619818252462,0.9409619818252462,0.05903801817475378,可爱 / 喜欢 / 抽到
review_cf70d49ccbc7,11,,0,0.9531383942826094,Positive,2,0.8315588971727073,0.16844110282729272,0.8315588971727073,喜欢 / 盲盒 / 孩子
review_a5f98a3a6124,42,,0,0.10059862661793462,Negative,1,0.5156821359968321,0.5156821359968321,0.4843178640031679,可爱 / 喜欢 / 抽到
review_55090ebfc07b,8,Product Design|Gifting & Education,2,0.8940669912603879,Positive,1,0.5005067710791274,0.5005067710791274,0.49949322892087245,可爱 / 喜欢 / 抽到
review_1158daed9cc6,286,Product Design|Quality|Blind-box Outcome,3,0.9999999999561426,Positive,1,0.979099947947243,0.979099947947243,0.020900052052756996,可爱 / 喜欢 / 抽到
review_4fb01b99ecea,38,,0,0.9792497794002794,Positive,2,0.8805850321412209,0.11941496785877914,0.8805850321412209,喜欢 / 盲盒 / 孩子
review_2fe94c2e7ffb,26,,0,0.024929667294491642,Negative,2,0.8847675353709402,0.1152324646290597,0.8847675353709402,喜欢 / 盲盒 / 孩子
review_c24392417394,160,,0,0.9999999996236031,Positive,1,0.9859910411631493,0.9859910411631493,0.014008958836850771,可爱 / 喜欢 / 抽到
review_77024a2aeb60,20,Service,1,0.8844046457461284,Positive,1,0.5884385364227972,0.5884385364227972,0.4115614635772028,可爱 / 喜欢 / 抽到
review_e7fd923865b7,87,Product Design,1,0.9999312012967979,Positive,1,0.9355807001925918,0.9355807001925918,0.06441929980740835,可爱 / 喜欢 / 抽到
review_2797dea1fa82,9,Product Design,1,0.3104160936911723,Negative,1,0.7498422249077648,0.7498422249077648,0.2501577750922352,可爱 / 喜欢 / 抽到
review_32207a875993,20,,0,0.9875015464596869,Positive,1,0.8847801684961207,0.8847801684961207,0.11521983150387931,可爱 / 喜欢 / 抽到
review_1209844a03a1,10,,0,0.9180067138314028,Positive,2,0.7452563938186393,0.25474360618136077,0.7452563938186393,喜欢 / 盲盒 / 孩子
review_9066964e0a7b,17,Price & Value|Gifting & Education,2,0.9999419780708363,Positive,2,0.6074441637138862,0.3925558362861138,0.6074441637138862,喜欢 / 盲盒 / 孩子
review_a2d81ec54a33,21,Blind-box Outcome,1,0.8189928226988004,Positive,1,0.8689023218354308,0.8689023218354308,0.1310976781645692,可爱 / 喜欢 / 抽到
review_48b4cc1b8fb2,31,Product Design|Blind-box Outcome,2,0.079662745449256,Negative,1,0.9312119947441447,0.9312119947441447,0.06878800525585527,可爱 / 喜欢 / 抽到
review_ef88a8b7c5a4,57,Product Design|Packaging|Logistics,3,0.13413157007203969,Negative,1,0.5310480800426853,0.5310480800426853,0.4689519199573147,可爱 / 喜欢 / 抽到
review_a0c07f8f0efd,15,Product Design|Blind-box Outcome,2,0.8769487093968201,Positive,1,0.8314836982644092,0.8314836982644092,0.16851630173559085,可爱 / 喜欢 / 抽到
